user_id	artist_id	playcount
10081	1	1.0
1206	2	6.0
2622	2	52.0
3653	2	11.0
4830	2	2.0
6958	2	8.0
10081	2	13.0
11297	2	6.0
15067	2	1.0
16537	2	1.0
5213	3	29.0
6958	3	37.0
10081	3	188.0
10081	4	2.0
2622	6	64.0
3653	6	360.0
6958	6	13.0
10081	6	5.0
15067	6	287.0
15541	6	7.0
5213	7	25.0
6958	7	15.0
15067	7	21.0
384	8	2.0
11297	8	25.0
15434	8	2.0
4813	9	1.0
10081	9	10.0
14308	9	1.0
6958	10	7.0
15434	10	1.0
2622	12	13.0
5069	12	34.0
10081	12	2.0
2622	13	23.0
15067	13	195.0
1206	15	24.0
2622	15	96.0
4813	15	1.0
5834	15	52.0
6958	15	21.0
10081	15	39.0
11297	15	2.0
14308	15	9.0
14829	15	7.0
15067	15	41.0
15434	15	3.0
16537	15	127.0
10879	16	1004.0
11297	16	242.0
3653	17	88.0
5213	17	7.0
6958	17	8.0
10081	17	29.0
15067	17	587.0
15434	17	15.0
3653	18	144.0
5213	18	42.0
10081	18	7.0
3653	19	69.0
6958	19	382.0
10081	19	33.0
10879	20	5.0
15434	20	2.0
5213	23	6.0
6958	23	14.0
10081	23	1.0
6958	24	15.0
14829	24	7.0
2622	26	77.0
3653	26	17.0
4830	26	3.0
6958	26	18.0
10081	26	75.0
11297	26	30.0
14829	26	3.0
15067	26	28.0
16537	26	1.0
6958	27	4.0
10081	27	1.0
1206	28	4.0
2622	28	1.0
4830	28	5.0
5069	28	18.0
10081	28	5.0
15067	28	49.0
5213	29	135.0
6958	29	467.0
10081	29	14.0
14829	30	1.0
1206	31	10.0
2732	31	3.0
6958	31	111.0
7687	31	3.0
11297	31	56.0
14829	31	89.0
15434	31	73.0
17970	31	43.0
5213	32	19.0
5213	33	150.0
10081	33	31.0
15067	33	291.0
15541	33	1.0
2622	35	15.0
15067	35	6.0
1206	36	1.0
15067	36	1.0
15541	36	106.0
10081	37	7.0
15067	37	703.0
15541	37	38.0
10879	38	21.0
11297	38	354.0
10081	39	21.0
15067	39	141.0
1206	42	2.0
3653	42	4.0
5069	42	3.0
10081	42	26.0
15067	42	865.0
15541	42	286.0
14829	43	1.0
2622	44	12.0
4830	44	5.0
7687	44	1.0
12619	44	1.0
14829	44	7.0
16537	44	15.0
1206	45	1.0
4830	45	4.0
6958	45	26.0
11297	45	70.0
12619	45	41.0
14829	45	16.0
15434	45	2.0
16537	45	136.0
5213	46	231.0
6958	46	3.0
10081	47	1.0
11297	47	67.0
6958	48	4.0
15434	48	15.0
16537	48	2.0
5213	50	83.0
6958	50	5.0
15067	50	9.0
15541	50	22.0
1206	51	2.0
3653	51	4.0
6958	51	17.0
11297	51	1.0
12619	51	1.0
15067	51	204.0
15541	51	33.0
14829	52	16.0
1206	53	27.0
2622	53	6.0
3653	53	96.0
4830	53	2.0
5213	53	21.0
6958	53	225.0
10081	53	37.0
11297	53	13.0
14829	53	75.0
15067	53	48.0
1206	54	2.0
2622	54	67.0
3653	54	502.0
5069	54	13.0
6958	54	239.0
10081	54	2.0
11297	54	1.0
15067	54	657.0
15541	54	21.0
2622	55	22.0
3653	55	148.0
6958	55	13.0
10081	55	10.0
15067	55	127.0
15541	55	1.0
2622	56	350.0
6958	56	3.0
10081	56	6.0
14829	56	12.0
2622	58	127.0
3653	58	2.0
10081	58	5.0
15067	58	389.0
15067	59	170.0
15541	59	15.0
5069	60	9.0
10081	60	15.0
1206	61	17.0
2622	61	28.0
5213	61	2.0
10081	61	63.0
15067	61	7.0
1206	63	7.0
2622	63	26.0
6958	63	1.0
11297	63	20.0
14308	63	2.0
15067	63	23.0
15434	63	4.0
2622	65	7.0
4830	65	1.0
6958	65	18.0
11297	65	5.0
6958	66	1457.0
10081	66	12.0
15067	66	1.0
15067	68	301.0
2622	70	3.0
3653	70	80.0
5213	70	75.0
6958	70	17.0
10081	70	354.0
15067	70	483.0
15067	72	27.0
15541	72	33.0
5213	73	26.0
11297	73	54.0
15434	73	1.0
1206	74	14.0
3653	74	109.0
6958	74	5.0
3653	76	16.0
10081	77	1.0
1206	78	5.0
2622	78	4.0
2732	78	2.0
4813	78	1.0
4830	78	2.0
6958	78	15.0
11297	78	63.0
14829	78	5.0
15434	78	1.0
16537	78	252.0
11297	81	407.0
6958	83	16.0
11297	83	2.0
15434	83	52.0
2622	84	41.0
5213	84	10.0
6958	84	27.0
10081	84	83.0
11297	84	1.0
14308	84	5.0
15067	84	512.0
15541	84	400.0
17970	84	17.0
1206	85	8.0
4830	85	1.0
10879	85	1.0
14308	85	1.0
15067	85	1.0
5213	86	72.0
6958	87	4.0
2622	88	26.0
5213	88	149.0
2622	91	60.0
3653	91	4.0
6958	91	7.0
15067	91	187.0
3653	92	4.0
5213	92	22.0
6958	92	14.0
10081	92	22.0
11297	92	1.0
15067	92	32.0
11297	94	3.0
14829	94	3.0
3653	95	6.0
10081	95	23.0
2622	96	307.0
3653	96	21.0
11297	96	142.0
15067	96	69.0
15434	97	7.0
1206	98	16.0
5069	98	3.0
6958	98	38.0
10081	98	13.0
14829	98	10.0
16537	98	73.0
2622	104	75.0
10081	104	1.0
11297	104	2.0
15541	104	4.0
3653	105	398.0
15067	105	650.0
15541	105	49.0
1206	106	1.0
15434	106	1.0
2622	109	1.0
2622	110	1.0
14829	112	12.0
15434	112	14.0
1206	114	15.0
5213	114	6.0
15541	116	5.0
1206	118	25.0
6958	120	7.0
10081	121	33.0
15067	122	18.0
15067	123	8.0
10081	124	5.0
14308	124	1.0
10081	125	152.0
15067	125	302.0
15541	125	2.0
2622	127	31.0
6958	127	1.0
11297	127	4.0
15067	127	67.0
1206	128	2.0
6958	128	11.0
11297	128	2.0
14829	128	3.0
1206	129	3.0
4813	129	1.0
7687	129	10.0
14308	129	53.0
14829	129	1.0
16537	129	84.0
6958	130	9.0
1206	131	1.0
1206	132	5.0
2622	132	1.0
4830	132	3.0
5213	132	28.0
5834	132	61.0
6958	132	1.0
10081	132	29.0
11297	132	9.0
12619	132	1.0
14829	132	10.0
15067	132	71.0
15434	132	5.0
15541	132	16.0
10879	133	6.0
11297	133	11.0
2622	134	14.0
6958	134	11.0
10081	134	15.0
10879	134	954.0
14308	134	16.0
14829	134	1.0
15434	134	47.0
15541	135	4.0
10081	136	63.0
15067	136	83.0
1206	137	113.0
2622	137	95.0
4830	137	2.0
5213	137	17.0
6958	137	82.0
11297	137	53.0
15067	137	2.0
1206	138	1.0
5069	138	11.0
6958	138	25.0
10081	138	3.0
14829	138	1.0
15067	138	2.0
15434	139	2.0
1206	142	37.0
4813	142	54.0
5834	142	3.0
6958	142	12.0
11297	142	67.0
15434	142	4.0
16537	142	7.0
14829	143	1.0
12619	144	1.0
15434	144	1.0
17970	144	5.0
1206	145	1.0
2622	145	6.0
6958	145	18.0
11297	145	42.0
15067	145	55.0
6958	146	55.0
6958	147	16.0
15067	147	23.0
1206	149	3.0
6958	149	1.0
14308	149	2.0
1206	150	10.0
2622	150	67.0
3653	150	3.0
4830	150	4.0
5213	150	5.0
6958	150	87.0
10081	150	29.0
11297	150	3.0
14829	150	5.0
15067	150	284.0
16537	150	11.0
15067	151	6.0
2622	152	1.0
4830	152	3.0
6958	152	6.0
11297	152	9.0
14829	152	3.0
15067	152	1.0
15434	152	1.0
1206	153	2.0
10081	153	18.0
14308	153	3.0
15541	156	12.0
3653	157	1.0
6958	159	4.0
10081	159	1.0
1206	160	15.0
2622	160	29.0
3653	160	21.0
4830	160	1.0
5069	160	2.0
5213	160	9.0
6958	160	13.0
11297	160	10.0
15067	160	18.0
6958	163	4.0
10081	163	4.0
15067	163	410.0
15541	163	3.0
1206	164	1.0
3653	164	1.0
5213	165	253.0
10081	165	38.0
3653	166	30.0
5213	166	32.0
10081	166	7.0
15067	166	687.0
15541	166	1057.0
5069	168	23.0
5213	168	26.0
6958	168	1.0
15067	168	72.0
2622	169	178.0
15541	169	5.0
5213	171	1.0
10081	171	9.0
15541	171	4.0
3653	173	20.0
6958	173	1.0
6958	174	1.0
10081	174	87.0
10081	177	11.0
14829	177	1.0
10081	178	1.0
15067	178	11.0
6958	179	1.0
11297	179	2.0
15541	179	56.0
3653	180	7.0
5213	181	122.0
6958	181	2.0
10081	181	13.0
4830	182	5.0
14829	182	2.0
15434	182	2.0
16537	182	159.0
2622	183	1.0
3653	183	72.0
6958	183	1.0
15067	183	5.0
4830	187	1.0
6958	187	44.0
14829	187	4.0
11297	189	2.0
2622	191	1.0
3653	191	4.0
6958	191	3.0
15067	191	15.0
15541	191	19.0
15067	192	2.0
4830	193	1.0
6958	193	2.0
2622	195	588.0
2622	196	1.0
1206	197	2.0
10081	197	61.0
12619	197	1.0
15067	197	7.0
15067	199	31.0
2622	200	159.0
6958	200	1.0
15067	200	67.0
1206	203	16.0
6958	203	1.0
11297	203	1.0
12619	203	1.0
15067	203	2.0
1206	204	2.0
6958	204	7.0
11297	206	351.0
11297	207	95.0
1206	208	3.0
15434	208	1.0
6958	209	1.0
5213	211	1.0
10081	211	10.0
15067	212	2.0
1206	213	7.0
10081	213	5.0
1206	215	4.0
5213	215	11.0
10081	215	50.0
15067	216	4.0
15541	216	85.0
384	217	1.0
10081	218	10.0
15067	218	409.0
15541	218	23.0
6958	219	2.0
14308	219	1.0
2622	220	1.0
15541	221	34.0
5213	222	16.0
6958	222	2.0
15067	222	1.0
2622	223	63.0
1206	225	4.0
5213	225	1.0
10081	225	40.0
11297	227	116.0
1206	234	178.0
2622	234	259.0
4813	234	1.0
6958	234	18.0
10081	234	80.0
11297	234	4.0
14308	234	3.0
14829	234	3.0
15434	234	13.0
16537	234	8.0
6958	235	2.0
15434	235	1.0
1206	236	49.0
4813	236	5.0
4830	236	1.0
5834	236	1.0
6958	236	6.0
10081	236	10.0
14829	236	33.0
15434	236	17.0
16537	236	2.0
3653	239	404.0
6958	239	4.0
10081	239	13.0
1206	240	5.0
6958	240	2.0
11297	240	42.0
1206	241	34.0
3653	241	72.0
4830	241	2.0
5213	241	7.0
6958	241	91.0
10081	241	31.0
14308	241	1.0
14829	241	1.0
15067	241	231.0
15434	241	1.0
15541	241	9.0
16537	241	2.0
15434	243	3.0
2622	244	128.0
5069	244	10.0
5213	244	1.0
6958	244	1.0
15067	244	26.0
1206	245	3.0
2622	245	14.0
5213	245	27.0
10081	245	1.0
6958	246	6.0
14308	246	2.0
15067	246	1.0
14829	249	2.0
6958	250	1.0
15541	250	47.0
1206	253	1.0
2622	253	47.0
4813	253	2.0
4830	253	1.0
6958	253	6.0
10081	253	179.0
11297	253	2.0
14829	253	32.0
15434	253	2.0
16537	253	21.0
1206	259	45.0
2622	259	1.0
4830	259	2.0
5213	259	1.0
11297	259	111.0
14829	259	13.0
15067	259	8.0
15541	259	9.0
16537	259	3.0
17970	259	27.0
14829	262	4.0
15434	262	7.0
5069	263	1317.0
1206	265	41.0
2622	265	2.0
4830	265	2.0
5213	265	53.0
10081	265	34.0
11297	265	3.0
15067	265	28.0
16537	265	7.0
1206	266	5.0
4813	266	1.0
6958	266	7.0
10081	266	19.0
14308	266	1.0
15067	266	1.0
2622	268	3.0
10081	268	1709.0
14829	268	1.0
11297	269	6.0
14308	269	20.0
1206	270	10.0
5834	270	7.0
6958	270	5.0
2622	271	1.0
6958	271	40.0
10081	271	1.0
15067	271	8.0
15541	271	1.0
1206	272	83.0
2622	272	274.0
5069	272	97.0
11297	272	104.0
15541	272	148.0
11297	273	20.0
15541	273	35.0
1206	274	8.0
3653	274	35.0
1206	275	10.0
5213	275	4.0
7687	275	2.0
10081	275	1.0
14308	275	1.0
14829	275	3.0
15434	275	36.0
16537	275	7.0
17970	275	11.0
1206	276	7.0
2622	276	287.0
3653	276	3.0
4830	276	2.0
6958	276	15.0
11297	276	109.0
15067	276	502.0
15541	276	75.0
2622	279	10.0
4830	282	2.0
5213	282	3.0
6958	282	1.0
10081	282	149.0
14308	282	1.0
16537	282	1.0
384	283	2.0
1206	283	5.0
6958	283	1.0
10081	283	7.0
11297	283	401.0
14308	283	5.0
15067	283	98.0
15434	283	22.0
17970	283	2.0
11297	285	14.0
1206	288	1.0
2732	288	2.0
4813	288	1.0
5834	288	1.0
6958	288	118.0
11297	288	1.0
14308	288	19.0
14829	288	20.0
16537	288	6.0
11297	289	149.0
1206	292	2.0
4830	292	1.0
2622	294	229.0
6958	294	2.0
10081	294	5.0
11297	296	39.0
6958	297	3.0
11297	298	30.0
15541	299	9.0
1206	301	1.0
2622	301	1.0
4813	301	1.0
6958	301	31.0
10081	301	16.0
11297	301	4.0
1206	305	2.0
10081	305	2.0
3653	307	408.0
4813	307	1.0
4830	307	1.0
5213	307	1.0
15067	307	59.0
2622	309	2.0
6958	309	2.0
1206	313	86.0
3653	313	102.0
5834	313	273.0
6958	313	33.0
12619	313	7.0
14308	313	28.0
14829	313	1.0
15434	313	52.0
16537	313	24.0
5213	316	17.0
6958	317	2.0
11297	317	11.0
15434	317	6.0
1206	320	2.0
4830	320	1.0
6958	320	3.0
10081	320	53.0
11297	320	1.0
14308	320	5.0
15067	320	1.0
16537	320	18.0
17970	320	2.0
1206	321	20.0
2732	321	1.0
5213	321	3.0
10081	321	29.0
14308	321	7.0
14829	321	7.0
15434	321	1.0
17970	321	1.0
6958	323	1.0
15067	326	614.0
1206	327	7.0
6958	327	2.0
11297	327	12.0
3653	328	30.0
15541	330	10.0
2622	334	420.0
4830	334	2.0
6958	334	2.0
14829	334	6.0
1206	337	1.0
6958	337	10.0
10879	337	15.0
12619	337	2.0
14308	337	13.0
15434	337	202.0
17970	337	61.0
1206	338	2.0
4830	338	2.0
6958	338	13.0
10081	338	15.0
15434	338	1.0
16537	338	1.0
17970	338	11.0
1206	340	1.0
10879	340	16.0
14829	340	1.0
15067	340	1.0
15434	340	47.0
17970	340	1.0
15541	341	126.0
12619	342	9.0
14829	342	1.0
15434	342	26.0
5069	347	37.0
5213	347	100.0
2622	348	3.0
4830	348	1.0
5213	348	111.0
10081	348	22.0
15541	349	4.0
2622	350	1.0
15067	350	5.0
2622	351	34.0
3653	351	273.0
10081	351	59.0
11297	351	1.0
15067	351	53.0
15541	351	365.0
1206	352	19.0
6958	352	7.0
14308	353	4.0
1206	354	36.0
2622	354	206.0
4830	354	1.0
5213	354	40.0
6958	354	52.0
10081	354	675.0
11297	354	171.0
14308	354	93.0
14829	354	39.0
15067	354	353.0
16537	354	22.0
384	355	9.0
10879	355	31.0
11297	358	9.0
15067	358	16.0
15067	359	149.0
2622	360	3.0
4830	360	1.0
6958	360	21.0
2622	361	1.0
6958	361	3.0
10081	362	30.0
15067	362	1.0
384	365	4.0
6958	365	38.0
10081	365	6.0
11297	365	4.0
15434	365	1.0
16537	365	13.0
4813	366	1.0
6958	366	3.0
11297	366	1.0
10081	368	11.0
15067	368	193.0
15541	368	102.0
2622	369	2.0
6958	369	6.0
15067	369	721.0
1206	371	16.0
1206	375	2.0
5213	375	14.0
6958	375	10.0
11297	375	67.0
14829	375	5.0
15067	375	2.0
6958	378	2.0
1206	386	23.0
6958	386	67.0
10879	386	111.0
12619	386	3.0
14829	386	7.0
15434	386	148.0
17970	386	1.0
1206	389	4.0
6958	389	106.0
10879	389	109.0
15434	389	7.0
16537	389	2.0
4813	390	1.0
5834	390	38.0
6958	390	3.0
10081	390	66.0
14308	390	59.0
14829	390	40.0
15541	390	4.0
16537	390	24.0
1206	391	23.0
6958	391	5.0
10081	391	7.0
11297	391	2.0
16537	391	28.0
2622	393	3.0
6958	393	4.0
10081	393	189.0
15067	393	23.0
10081	394	1.0
2622	396	1.0
1206	397	1.0
4830	399	2.0
10081	399	134.0
5069	400	3.0
6958	400	1.0
12619	400	1.0
15067	401	49.0
15067	402	48.0
6958	403	3.0
11297	403	8.0
5069	404	1.0
6958	404	14.0
10081	404	6.0
11297	404	1.0
15067	404	203.0
15541	404	39.0
15067	405	265.0
15541	405	13.0
6958	406	1.0
11297	406	4.0
1206	407	29.0
2622	407	335.0
6958	407	8.0
10081	407	108.0
11297	407	1.0
12619	407	1.0
14829	407	78.0
16537	407	98.0
1206	408	3.0
2732	408	1.0
4830	408	3.0
6958	408	15.0
10081	408	233.0
12619	408	9.0
14829	408	35.0
15434	408	5.0
16537	408	3.0
5213	412	26.0
6958	412	1.0
10081	412	106.0
15067	412	8.0
15541	412	55.0
15067	414	45.0
15541	414	10.0
15067	415	166.0
15541	415	140.0
15541	418	3.0
5069	421	361.0
10081	421	12.0
15541	421	1.0
15434	422	8.0
15541	425	583.0
10081	426	182.0
15067	426	442.0
15541	426	23.0
6958	428	1.0
10081	428	59.0
15067	428	268.0
15541	428	94.0
5834	429	1.0
12619	433	1.0
1206	435	2.0
11297	435	1.0
15067	439	27.0
3653	440	44.0
1206	441	3.0
2732	441	1.0
4813	441	2.0
4830	441	4.0
7687	441	22.0
10081	441	88.0
14829	441	9.0
15434	441	8.0
16537	441	91.0
15067	444	268.0
15541	444	22.0
11297	445	11.0
4830	446	1.0
15434	446	1.0
1206	447	3.0
4830	447	2.0
5069	447	1501.0
6958	447	1.0
10081	447	44.0
11297	447	5.0
2622	450	276.0
4830	450	1.0
5213	450	22.0
6958	450	17.0
10081	450	183.0
15067	450	58.0
5213	452	59.0
10081	452	1.0
15541	452	2.0
7687	453	10.0
14829	453	3.0
15434	453	2.0
16537	453	7.0
2622	455	2.0
6958	455	68.0
15541	455	1.0
10081	456	71.0
15067	456	235.0
15541	456	1.0
15067	458	173.0
15541	458	28.0
2622	461	26.0
6958	461	5.0
11297	461	2.0
15067	461	4.0
15541	461	22.0
3653	462	7.0
15067	464	46.0
15541	464	36.0
5213	465	15.0
6958	465	4.0
15067	465	142.0
11297	467	1.0
3653	468	1.0
5213	468	6.0
6958	468	78.0
15067	468	7.0
17970	469	1.0
1206	472	1.0
2622	472	1.0
6958	472	1.0
11297	472	19.0
14829	472	1.0
15067	472	1.0
16537	472	1.0
7687	473	1.0
14829	473	1.0
2622	474	78.0
15067	475	64.0
1206	478	64.0
2622	478	151.0
2732	478	1.0
4813	478	3.0
4830	478	1.0
6958	478	13.0
10081	478	70.0
14308	478	94.0
14829	478	33.0
15067	478	1.0
15434	478	2.0
16537	478	12.0
17970	478	14.0
1206	480	15.0
10081	480	30.0
11297	480	1.0
15067	480	18.0
4813	483	86.0
4830	483	1.0
6958	483	73.0
11297	483	501.0
17970	483	38.0
5213	486	33.0
10081	486	37.0
2622	487	87.0
15067	487	14.0
1206	488	2.0
6958	488	5.0
11297	488	6.0
15067	488	1.0
5213	489	4.0
10081	489	13.0
2622	492	342.0
3653	492	16.0
10081	492	99.0
1206	493	1.0
2622	493	1.0
4813	493	10.0
4830	493	1.0
6958	493	6.0
10081	493	4.0
11297	493	1.0
14829	493	4.0
15434	493	1.0
16537	493	92.0
1206	494	20.0
4830	494	2.0
5069	494	155.0
5213	494	46.0
6958	494	6.0
10081	494	80.0
11297	494	5.0
6958	496	3.0
15067	496	177.0
1206	499	9.0
4813	499	21.0
4830	499	4.0
5213	499	5.0
11297	499	5.0
14829	499	28.0
15434	499	6.0
16537	499	35.0
17970	499	2.0
2622	500	1.0
11297	500	6.0
2622	502	4.0
11297	503	1.0
10081	504	3.0
15067	504	431.0
15541	504	839.0
1206	508	28.0
2622	508	1.0
5213	508	3.0
11297	508	15.0
15067	508	17.0
5069	511	1.0
10081	512	3.0
15067	513	14.0
4830	518	1.0
6958	518	3.0
14829	518	18.0
15434	518	2.0
16537	518	12.0
10081	519	1.0
4830	522	4.0
6958	522	5.0
14308	522	15.0
15434	522	128.0
16537	522	1.0
4813	523	1.0
6958	523	3.0
10081	523	1.0
14308	523	1.0
14829	523	22.0
15434	523	1.0
10081	529	1.0
10081	531	3.0
5834	537	4.0
5834	549	1.0
6958	551	3.0
6958	562	5.0
4813	567	15.0
5834	567	3.0
5834	572	1.0
5834	586	1.0
5834	591	1.0
15067	595	7.0
15541	595	11.0
1206	596	2.0
11297	596	1.0
5834	599	1.0
3653	600	15.0
5834	603	1.0
10081	623	29.0
1206	638	181.0
4813	638	64.0
6958	638	4.0
10081	638	66.0
11297	638	76.0
15067	638	1.0
5213	639	2.0
10081	639	94.0
14308	639	2.0
14829	639	19.0
15434	639	1.0
10081	640	69.0
11297	640	1.0
15067	640	9.0
16537	640	5.0
1206	641	48.0
5069	641	6.0
5213	641	14.0
6958	641	2.0
10081	641	18.0
15067	641	1.0
17970	641	15.0
1206	642	3.0
5069	642	1.0
6958	642	6.0
10081	642	1.0
14308	642	9.0
14829	642	2.0
15067	642	39.0
2622	647	56.0
2622	650	1.0
2732	650	1.0
5069	650	64.0
5834	650	1.0
14308	650	1.0
14829	650	2.0
15541	650	9.0
2622	652	41.0
4830	652	1.0
10081	652	1.0
11297	652	11.0
15067	652	2.0
4813	653	1.0
10879	653	2.0
1206	657	11.0
16537	657	3.0
10081	658	8.0
5834	659	1.0
1206	669	1.0
6958	669	1.0
10081	669	1.0
11297	669	1.0
1206	672	1.0
10081	672	10.0
11297	678	1.0
1206	679	3.0
10081	681	3.0
1206	683	37.0
2622	683	1.0
6958	683	1.0
10081	683	129.0
11297	683	2.0
12619	683	2.0
14308	683	15.0
14829	683	5.0
1206	684	3.0
2622	688	8.0
17970	688	56.0
6958	689	1.0
1206	693	2.0
6958	693	9.0
11297	693	2.0
15067	695	1.0
1206	696	2.0
6958	696	1.0
12619	701	1.0
6958	721	2.0
15434	721	2.0
1206	722	10.0
4830	722	2.0
14829	722	1.0
16537	722	5.0
15067	727	111.0
15067	731	47.0
15541	731	4.0
6958	742	3.0
2622	744	1.0
6958	744	2.0
15067	744	2.0
2622	751	277.0
6958	751	1.0
6958	754	3.0
14308	754	21.0
15434	754	2.0
1206	755	1.0
10081	758	83.0
11297	758	11.0
15067	758	19.0
10081	760	2.0
15067	760	79.0
15541	760	558.0
1206	761	38.0
4813	761	1.0
5213	761	10.0
5834	761	21.0
10081	761	37.0
12619	761	1.0
14829	761	13.0
17970	761	3.0
15067	771	26.0
14829	783	2.0
4830	786	2.0
6958	786	12.0
10081	786	4.0
14308	786	4.0
14829	786	1.0
15067	786	4.0
16537	786	4.0
1206	789	46.0
2622	789	11.0
4830	789	1.0
5834	789	17.0
6958	789	9.0
10081	789	14.0
11297	789	2.0
16537	789	2.0
17970	789	38.0
6958	801	2.0
11297	802	1.0
11297	803	1.0
15067	803	4.0
15434	803	1.0
15434	812	1.0
4813	813	10.0
4830	813	1.0
5069	813	2.0
5834	813	16.0
6958	813	8.0
10081	813	63.0
14308	813	99.0
16537	813	2.0
17970	813	39.0
1206	816	4.0
14829	816	4.0
15434	816	1.0
6958	821	17.0
15434	823	1.0
4813	826	1.0
5834	826	1.0
1206	851	1.0
15434	851	4.0
2622	861	116.0
4830	861	6.0
6958	861	141.0
14829	861	9.0
16537	861	112.0
15434	875	1.0
6958	904	4.0
2622	920	1.0
6958	920	6.0
11297	920	2.0
14308	920	1.0
15434	920	2.0
15067	923	5.0
5834	938	6.0
15434	944	2.0
15067	956	21.0
1206	959	3.0
5213	959	1.0
5834	959	117.0
10081	959	174.0
14308	959	2.0
6958	971	88.0
10081	971	61.0
15067	971	15.0
15541	971	7.0
4830	1006	1.0
4830	1014	1.0
14308	1014	1.0
15434	1014	3.0
15067	1018	191.0
15541	1018	2.0
5213	1043	2.0
10081	1043	109.0
15067	1043	304.0
6958	1050	6.0
5834	1057	1.0
6958	1077	1.0
15067	1105	198.0
15541	1105	11.0
11297	1163	7.0
10081	1173	144.0
11297	1173	22.0
1206	1181	21.0
11297	1181	4.0
1206	1182	2.0
2622	1182	13.0
1206	1186	2.0
4813	1186	1.0
10081	1186	1.0
384	1197	19.0
10081	1199	15.0
15067	1199	15.0
15541	1199	2.0
384	1200	18.0
2732	1203	5.0
5213	1210	1.0
11297	1210	3.0
12619	1210	17.0
14308	1210	1.0
14829	1210	1.0
15434	1210	2.0
10081	1211	1.0
384	1215	2.0
6958	1215	1.0
10081	1215	6.0
6958	1222	18.0
15067	1222	11.0
4830	1223	2.0
6958	1223	6.0
6958	1225	3.0
10081	1225	1.0
384	1231	4.0
4813	1236	8.0
6958	1236	3.0
11297	1236	1.0
384	1248	1.0
17970	1248	1.0
2622	1251	26.0
10081	1251	4.0
6958	1252	8.0
6958	1255	3.0
12619	1255	12.0
15067	1255	9.0
1206	1256	7.0
5213	1256	1.0
6958	1256	13.0
10081	1256	335.0
11297	1256	2.0
14829	1256	3.0
15434	1256	1.0
14308	1260	2.0
14829	1260	2.0
16537	1260	12.0
384	1262	3.0
1206	1263	1.0
15434	1263	1.0
6958	1275	3.0
384	1279	3.0
17970	1279	1.0
12619	1301	1.0
4813	1307	1.0
14829	1307	1.0
6958	1309	2.0
2622	1310	100.0
6958	1310	5.0
15067	1311	19.0
384	1321	13.0
1206	1321	109.0
6958	1321	7.0
10879	1321	7.0
11297	1321	3.0
14308	1321	22.0
14829	1321	1.0
15067	1321	2.0
15434	1321	2.0
15541	1321	5.0
6958	1322	1.0
15067	1322	3.0
11297	1330	4.0
14308	1330	4.0
15541	1330	12.0
384	1331	107.0
1206	1331	20.0
6958	1331	2.0
14829	1331	1.0
15067	1331	7.0
1206	1332	3.0
6958	1332	33.0
11297	1332	4.0
15067	1332	22.0
4813	1333	1.0
6958	1333	1.0
10081	1333	1.0
14308	1333	24.0
14829	1333	1.0
1206	1334	11.0
6958	1334	2.0
10081	1334	16.0
14308	1334	9.0
14829	1335	1.0
15067	1335	41.0
14829	1336	1.0
14829	1337	1.0
1206	1338	12.0
6958	1338	70.0
11297	1338	4.0
14308	1338	14.0
14829	1338	2.0
15067	1338	41.0
15434	1338	1.0
6958	1339	7.0
11297	1339	4.0
14829	1339	1.0
14308	1340	36.0
4813	1341	1.0
384	1345	11.0
1206	1345	54.0
6958	1345	16.0
10081	1345	1.0
10879	1345	281.0
11297	1345	9.0
14308	1345	15.0
15067	1345	33.0
15434	1345	1.0
3653	1354	16.0
5213	1354	16.0
3653	1357	1360.0
5213	1357	164.0
6958	1357	44.0
10081	1357	82.0
15067	1357	222.0
15541	1357	8.0
10081	1364	44.0
15067	1364	35.0
15541	1377	2.0
1206	1379	3.0
6958	1379	2.0
10081	1379	3.0
15067	1379	2.0
15434	1379	1.0
2622	1384	4.0
6958	1384	58.0
10081	1388	21.0
14829	1388	1.0
15434	1388	2.0
5834	1389	1.0
14308	1389	23.0
10081	1391	3.0
14308	1391	21.0
1206	1392	1.0
10081	1402	35.0
15067	1402	779.0
15541	1402	25.0
2622	1405	5.0
6958	1405	7.0
10081	1421	28.0
15541	1421	2.0
14829	1446	1.0
6958	1452	1.0
10081	1452	7.0
14829	1452	79.0
384	1457	1.0
2622	1462	1.0
1206	1465	59.0
2732	1465	2.0
4813	1465	1.0
4830	1465	6.0
5213	1465	18.0
6958	1465	16.0
7687	1465	33.0
10081	1465	352.0
12619	1465	125.0
14829	1465	390.0
15434	1465	69.0
16537	1465	91.0
1206	1468	24.0
6958	1468	8.0
11297	1468	38.0
14829	1468	1.0
15067	1468	2.0
6958	1469	14.0
2622	1470	23.0
5069	1470	41.0
15067	1470	1.0
14829	1489	2.0
6958	1508	160.0
7687	1508	7.0
10879	1508	1353.0
12619	1508	13.0
15434	1508	4.0
17970	1508	16.0
4813	1509	2.0
11297	1509	20.0
14829	1509	36.0
1206	1511	23.0
5213	1511	1.0
7687	1511	6.0
10081	1511	55.0
11297	1511	4.0
12619	1511	12.0
14829	1511	8.0
15434	1511	36.0
16537	1511	1.0
17970	1511	43.0
6958	1522	4.0
11297	1522	10.0
1206	1523	11.0
14308	1523	1.0
1206	1524	22.0
2622	1524	56.0
4813	1524	1.0
4830	1524	3.0
7687	1524	1.0
11297	1524	5.0
14308	1524	2.0
14829	1524	3.0
16537	1524	87.0
6958	1528	9.0
7687	1528	2.0
14829	1528	12.0
1206	1529	1.0
4830	1529	2.0
6958	1529	35.0
11297	1529	51.0
14829	1529	10.0
16537	1529	54.0
17970	1529	8.0
1206	1531	1.0
15067	1531	1.0
1206	1532	16.0
14829	1532	1.0
10081	1533	1.0
15434	1534	2.0
1206	1535	28.0
5834	1535	128.0
7687	1535	20.0
11297	1535	4.0
14308	1535	1.0
14829	1535	3.0
15067	1535	20.0
15434	1535	1.0
16537	1535	16.0
17970	1535	1.0
5069	1537	2.0
11297	1537	6.0
14829	1537	3.0
15434	1537	7.0
1206	1538	23.0
10081	1538	36.0
11297	1538	43.0
14829	1538	2.0
16537	1538	1.0
1206	1539	90.0
6958	1539	2.0
10081	1539	11.0
14308	1539	14.0
15434	1539	3.0
7687	1546	10.0
1206	1547	12.0
4813	1547	3.0
4830	1547	1.0
6958	1547	14.0
7687	1547	1.0
14829	1547	3.0
16537	1547	13.0
1206	1548	4.0
16537	1548	1.0
17970	1548	20.0
17970	1550	20.0
1206	1553	3.0
2732	1553	1.0
4830	1553	1.0
5834	1553	1.0
6958	1553	102.0
7687	1553	2.0
12619	1553	1.0
14308	1553	33.0
14829	1553	7.0
15434	1553	4.0
16537	1553	221.0
2732	1557	3.0
4813	1557	1.0
4830	1557	4.0
6958	1557	13.0
14829	1557	2.0
16537	1557	1.0
1206	1558	1.0
6958	1558	3.0
10879	1558	64.0
14829	1558	1.0
6958	1561	7.0
10081	1561	17.0
15067	1561	55.0
1206	1562	3.0
4830	1562	2.0
6958	1562	3.0
10081	1562	4.0
14829	1562	1.0
16537	1562	86.0
10081	1564	15.0
1206	1565	59.0
10081	1565	145.0
10879	1565	17.0
11297	1565	1.0
14829	1565	17.0
16537	1565	36.0
5834	1567	18.0
10081	1567	23.0
5834	1578	1.0
384	1594	2.0
384	1595	5.0
15434	1607	2.0
12619	1609	2.0
2622	1610	1.0
15434	1611	4.0
6958	1612	1.0
14829	1612	5.0
15067	1612	13.0
1206	1613	93.0
4830	1613	2.0
10081	1613	158.0
11297	1613	8.0
14829	1613	22.0
15067	1613	28.0
15434	1613	1.0
15434	1614	11.0
1206	1616	27.0
4813	1616	80.0
5213	1616	12.0
7687	1616	2.0
10081	1616	27.0
12619	1616	4.0
14829	1616	19.0
15434	1616	22.0
16537	1616	1.0
17970	1616	1.0
6958	1620	2.0
15067	1620	21.0
2622	1625	1.0
6958	1625	13.0
1206	1627	1.0
5834	1627	26.0
10081	1627	192.0
14308	1627	160.0
14829	1627	108.0
15434	1627	1.0
17970	1627	55.0
4813	1631	1.0
6958	1631	5.0
2732	1637	1.0
4830	1637	2.0
14829	1637	1.0
16537	1637	70.0
17970	1637	2.0
1206	1640	5.0
12619	1640	2.0
15434	1640	1.0
1206	1641	19.0
4813	1641	1.0
4830	1641	3.0
5069	1641	39.0
5213	1641	1.0
10081	1641	133.0
11297	1641	31.0
12619	1641	1.0
14829	1641	1.0
10081	1643	16.0
15067	1643	15.0
17970	1643	1.0
384	1644	156.0
6958	1644	22.0
10081	1644	2.0
14829	1644	1.0
15067	1644	18.0
1206	1652	102.0
4813	1652	1.0
11297	1652	8.0
14829	1652	3.0
1206	1653	32.0
4813	1653	11.0
10081	1653	12.0
14308	1653	6.0
15067	1653	4.0
15434	1653	6.0
16537	1653	3.0
10081	1658	25.0
1206	1666	1.0
10081	1666	931.0
14308	1666	4.0
14829	1666	25.0
16537	1666	3.0
6958	1667	12.0
15434	1667	4.0
1206	1685	3.0
7687	1694	17.0
14308	1694	2.0
15434	1694	7.0
2732	1704	13.0
5213	1704	3.0
6958	1704	14.0
10081	1704	31.0
14829	1704	27.0
1206	1706	23.0
4830	1706	4.0
7687	1706	1.0
10879	1706	5.0
12619	1706	1.0
14308	1706	27.0
14829	1706	2.0
15434	1706	5.0
16537	1706	16.0
2622	1707	3.0
11297	1718	209.0
1206	1722	12.0
14829	1722	5.0
1206	1723	3.0
10081	1723	1.0
12619	1723	5.0
14829	1723	1.0
16537	1723	1.0
16537	1724	7.0
2732	1726	8.0
5213	1726	1.0
5834	1726	1.0
7687	1726	1.0
10081	1726	176.0
16537	1726	1.0
17970	1726	20.0
4813	1729	1.0
1206	1730	9.0
4813	1730	1.0
6958	1730	14.0
10081	1730	11.0
10879	1730	3.0
11297	1730	4.0
12619	1730	1.0
14829	1730	53.0
2622	1731	1.0
2732	1731	4.0
5213	1731	14.0
6958	1731	20.0
10081	1731	12.0
14829	1731	6.0
15434	1731	2.0
15434	1732	1.0
4830	1743	2.0
10081	1743	9.0
6958	1760	26.0
14829	1760	1.0
14308	1771	4.0
15434	1771	2.0
17970	1771	7.0
1206	1772	20.0
5834	1772	19.0
7687	1772	4.0
12619	1772	5.0
14308	1772	9.0
14829	1772	1.0
10081	1783	160.0
15067	1783	41.0
16537	1783	3.0
5069	1791	188.0
11297	1791	2.0
384	1796	4.0
10081	1799	195.0
15067	1799	1.0
5834	1801	2.0
12619	1807	2.0
11297	1810	1.0
15434	1813	2.0
5213	1815	3.0
10081	1815	155.0
1206	1817	7.0
5069	1817	1.0
6958	1817	1.0
10081	1817	16.0
15067	1817	10.0
15434	1817	2.0
11297	1818	27.0
1206	1819	3.0
14829	1819	4.0
15434	1819	2.0
14308	1842	4.0
15434	1842	1.0
17970	1842	23.0
15434	1844	5.0
7687	1845	4.0
14829	1845	21.0
15434	1845	19.0
16537	1845	45.0
1206	1846	13.0
2732	1846	1.0
5834	1846	77.0
6958	1846	11.0
10081	1846	11.0
12619	1846	11.0
14308	1846	22.0
16537	1846	1.0
5834	1860	1.0
15434	1870	154.0
7687	1872	1.0
14308	1872	1.0
384	1875	348.0
15067	1880	1.0
1206	1886	2.0
10081	1886	4.0
14308	1886	15.0
14829	1886	3.0
15434	1886	4.0
2622	1887	2.0
4830	1887	1.0
6958	1887	3.0
15067	1887	43.0
1206	1897	1.0
3653	1914	10.0
10081	1914	1.0
6958	1915	1.0
11297	1915	8.0
14308	1916	1.0
1206	1923	11.0
11297	1923	468.0
14829	1923	116.0
1206	1925	1.0
6958	1925	5.0
1206	1935	5.0
5834	1935	8.0
10081	1935	394.0
14308	1935	68.0
14829	1935	1.0
15067	1935	1.0
15434	1935	2.0
16537	1935	10.0
384	1939	1.0
1206	1939	1.0
5834	1939	58.0
10081	1939	7.0
14308	1939	8.0
384	1952	1.0
384	1981	9.0
5834	1988	2.0
5213	2001	4.0
6958	2001	16.0
15434	2002	2.0
16537	2002	1.0
14308	2010	4.0
14829	2010	9.0
5834	2011	1.0
10081	2011	23.0
14829	2014	2.0
15434	2014	1.0
15434	2015	3.0
4830	2022	1.0
11297	2022	9.0
15434	2023	10.0
10081	2032	2.0
15067	2032	550.0
384	2035	4.0
6958	2035	485.0
7687	2035	1.0
14829	2035	1.0
15434	2035	4.0
16537	2035	1.0
15434	2044	1.0
1206	2051	2.0
10081	2051	6.0
14829	2051	6.0
1206	2052	23.0
1206	2053	7.0
2622	2053	50.0
6958	2053	1.0
10081	2053	172.0
11297	2053	1.0
14829	2053	4.0
1206	2054	38.0
5069	2054	38.0
10081	2054	70.0
11297	2054	1.0
10081	2055	13.0
6958	2057	2.0
1206	2058	2.0
6958	2058	12.0
10081	2058	2.0
15067	2058	70.0
5213	2065	1.0
4830	2066	5.0
5213	2066	1.0
6958	2066	21.0
7687	2066	3.0
14829	2066	5.0
15434	2066	1.0
16537	2066	17.0
4830	2067	1.0
5834	2067	2.0
10081	2067	482.0
12619	2067	40.0
14308	2067	5.0
14829	2067	25.0
15434	2067	33.0
17970	2067	3.0
384	2073	4.0
4830	2084	1.0
14829	2088	1.0
10081	2089	6.0
15434	2089	1.0
10081	2090	33.0
14308	2090	38.0
14829	2090	11.0
15434	2090	6.0
16537	2090	1.0
17970	2090	5.0
14829	2091	1.0
15434	2091	2.0
1206	2097	6.0
2732	2097	1.0
15434	2109	2.0
5834	2119	1.0
4813	2120	3.0
5834	2120	1.0
6958	2120	2.0
14308	2120	2.0
14829	2120	1.0
14308	2135	7.0
15434	2135	1.0
14308	2136	128.0
15434	2136	5.0
17970	2136	1.0
15434	2137	1.0
1206	2140	3.0
14308	2143	4.0
15434	2143	1.0
14308	2144	12.0
14829	2144	13.0
15434	2144	3.0
17970	2144	6.0
15434	2148	1.0
16537	2148	112.0
4830	2154	1.0
7687	2154	20.0
14829	2154	4.0
16537	2154	110.0
17970	2154	1.0
6958	2202	1.0
11297	2202	5.0
15434	2202	73.0
15541	2206	8.0
4813	2211	1.0
10081	2211	175.0
14308	2211	1.0
14829	2211	1.0
1206	2212	1.0
16537	2212	2.0
2622	2214	1.0
2732	2214	1.0
4830	2214	1.0
16537	2214	5.0
4813	2220	1.0
10879	2220	11.0
14308	2220	1.0
1206	2221	3.0
4813	2221	1.0
6958	2221	9.0
12619	2221	1.0
14308	2221	5.0
15434	2221	11.0
17970	2221	1.0
14829	2223	1.0
2622	2226	16.0
2732	2226	4.0
4830	2226	2.0
5213	2226	20.0
6958	2226	46.0
10081	2226	16.0
14829	2226	2.0
15434	2226	14.0
16537	2226	3.0
17970	2226	2.0
15434	2230	12.0
10081	2237	9.0
6958	2254	8.0
7687	2254	2.0
2732	2255	7.0
1206	2256	4.0
15434	2256	2.0
4830	2258	6.0
5834	2258	1.0
10879	2258	5.0
14308	2258	4.0
14829	2258	5.0
15434	2258	10.0
16537	2258	83.0
1206	2259	13.0
14308	2259	1.0
15434	2259	22.0
17970	2259	1.0
1206	2261	12.0
5834	2261	13.0
10081	2261	6.0
12619	2261	13.0
15434	2261	1.0
17970	2261	1.0
4813	2265	2.0
5834	2265	1.0
6958	2265	2.0
10081	2265	39.0
14829	2265	1.0
15067	2265	1.0
16537	2265	15.0
15434	2275	7.0
2732	2281	14.0
10081	2281	3.0
14829	2281	5.0
5834	2282	8.0
6958	2282	7.0
10081	2282	66.0
14829	2282	3.0
10081	2283	49.0
1206	2292	2.0
6958	2292	4.0
10081	2292	21.0
11297	2292	3.0
11297	2293	5.0
1206	2294	1.0
11297	2294	5.0
4830	2295	1.0
10081	2295	27.0
16537	2295	8.0
6958	2300	28.0
15434	2310	5.0
7687	2311	8.0
14829	2311	15.0
4813	2313	1.0
7687	2314	3.0
12619	2314	1.0
15434	2314	1.0
16537	2314	179.0
15067	2316	825.0
7687	2317	3.0
14308	2317	1.0
15434	2317	1.0
4830	2320	1.0
5213	2320	11.0
6958	2320	30.0
10081	2320	17.0
15434	2320	12.0
16537	2321	4.0
1206	2323	15.0
4813	2323	4.0
6958	2323	27.0
7687	2323	54.0
10081	2323	5.0
11297	2323	1.0
15067	2323	27.0
15434	2323	2.0
16537	2323	247.0
10081	2325	35.0
15067	2325	121.0
15541	2325	192.0
2732	2326	1.0
4830	2326	2.0
14308	2326	1.0
15434	2326	1.0
17970	2326	2.0
10081	2327	37.0
14308	2327	44.0
4830	2328	1.0
2622	2329	55.0
6958	2329	6.0
15067	2329	1.0
1206	2330	2.0
4813	2330	3.0
11297	2330	10.0
14308	2330	3.0
15067	2330	2.0
16537	2330	1.0
1206	2331	1.0
6958	2331	4.0
10081	2331	12.0
11297	2331	4.0
15067	2331	6.0
1206	2333	4.0
5834	2333	6.0
10081	2333	53.0
14308	2333	251.0
14829	2333	5.0
15434	2333	7.0
17970	2333	3.0
1206	2334	1.0
10081	2334	16.0
14308	2334	3.0
14829	2334	64.0
15434	2334	6.0
16537	2334	34.0
17970	2334	6.0
10081	2335	2.0
1206	2338	4.0
3653	2338	142.0
6958	2338	3.0
11297	2338	1.0
16537	2338	4.0
1206	2341	8.0
2622	2341	1.0
4830	2341	2.0
6958	2341	1.0
10081	2341	137.0
14829	2341	4.0
5213	2343	1.0
10081	2343	2.0
4830	2344	1.0
16537	2344	82.0
10081	2346	29.0
6958	2354	11.0
10081	2354	36.0
14829	2354	2.0
14308	2355	1.0
15434	2355	1.0
16537	2355	9.0
17970	2355	6.0
4813	2356	40.0
4830	2356	2.0
10081	2356	72.0
14308	2356	1.0
14829	2356	1.0
15434	2356	2.0
16537	2356	275.0
2732	2357	4.0
7687	2357	10.0
10081	2357	288.0
14308	2357	9.0
16537	2357	7.0
5213	2358	1.0
10081	2358	134.0
10879	2358	2.0
11297	2358	1.0
12619	2358	3.0
15434	2358	1.0
17970	2358	1.0
2622	2359	1.0
10081	2359	65.0
14308	2359	107.0
15434	2359	18.0
16537	2359	2.0
17970	2359	8.0
1206	2361	1.0
4830	2361	2.0
7687	2361	2.0
12619	2361	13.0
14829	2361	2.0
16537	2361	10.0
17970	2361	5.0
10081	2362	45.0
7687	2363	5.0
10081	2366	278.0
14308	2366	10.0
14829	2366	3.0
17970	2366	22.0
1206	2367	5.0
4813	2367	2.0
4830	2367	3.0
7687	2367	14.0
10081	2367	214.0
14308	2367	47.0
14829	2367	10.0
15434	2367	41.0
5213	2375	9.0
10081	2375	361.0
14829	2375	1.0
11297	2378	4.0
11297	2379	2.0
1206	2381	32.0
4813	2381	93.0
15434	2381	9.0
16537	2381	6.0
17970	2381	12.0
6958	2382	2.0
6958	2383	2.0
15434	2383	4.0
6958	2384	1.0
14829	2386	7.0
1206	2387	10.0
10081	2387	27.0
14829	2387	1.0
15067	2387	1.0
11297	2388	2.0
15434	2388	1.0
4830	2389	1.0
6958	2390	21.0
11297	2390	1.0
6958	2391	2.0
11297	2391	2.0
15434	2391	1.0
6958	2394	1.0
1206	2396	1.0
1206	2408	6.0
5834	2408	1.0
6958	2408	7.0
10081	2408	9.0
14308	2408	6.0
15067	2408	1.0
15434	2408	1.0
2732	2409	1.0
10081	2409	373.0
14308	2409	54.0
14829	2409	2.0
15434	2409	1.0
16537	2409	48.0
10081	2410	3.0
11297	2416	2.0
11297	2417	3.0
384	2418	1.0
10081	2418	3.0
14308	2418	107.0
6958	2419	24.0
11297	2419	5.0
14829	2419	1.0
7687	2420	5.0
16537	2420	1.0
4813	2423	1.0
4830	2423	1.0
15434	2426	5.0
7687	2427	11.0
10081	2427	56.0
14829	2427	13.0
15434	2427	21.0
16537	2427	3.0
15434	2428	1.0
7687	2429	1.0
15434	2429	1.0
16537	2429	6.0
14308	2430	3.0
7687	2431	7.0
15434	2432	4.0
16537	2432	13.0
15434	2435	11.0
16537	2435	155.0
10081	2440	237.0
14829	2440	8.0
384	2444	1.0
10081	2444	8.0
12619	2444	4.0
14829	2444	25.0
15434	2444	24.0
5069	2448	8.0
10081	2451	141.0
15434	2451	1.0
10081	2452	19.0
1206	2454	5.0
4813	2454	1.0
5069	2454	16.0
6958	2454	1.0
10081	2454	205.0
11297	2454	3.0
14829	2454	5.0
5069	2455	9.0
6958	2455	2.0
5069	2456	1.0
1206	2457	1.0
5069	2457	13.0
5069	2458	1.0
2732	2462	1.0
4830	2462	1.0
7687	2462	1.0
10081	2462	163.0
15434	2462	1.0
16537	2462	1.0
5213	2465	170.0
6958	2465	136.0
15067	2465	40.0
15541	2465	58.0
6958	2472	2.0
11297	2472	26.0
12619	2472	5.0
14829	2472	1.0
15434	2472	2.0
5834	2475	33.0
1206	2476	5.0
2732	2476	1.0
5069	2476	1.0
5834	2476	36.0
10081	2476	183.0
15067	2476	147.0
15434	2476	1.0
6958	2477	1.0
15067	2477	114.0
15541	2477	382.0
15067	2479	35.0
15541	2479	262.0
14829	2481	1.0
7687	2482	3.0
10081	2482	23.0
10879	2482	1.0
14308	2482	3.0
11297	2485	529.0
2622	2486	1.0
2732	2486	1.0
4813	2486	2.0
7687	2486	1.0
10081	2486	174.0
14308	2486	2.0
14829	2486	3.0
16537	2486	3.0
1206	2496	4.0
2732	2496	5.0
4813	2496	2.0
6958	2496	25.0
10081	2496	962.0
12619	2496	7.0
14308	2496	3.0
14829	2496	2.0
15434	2496	3.0
1206	2500	2.0
4830	2500	2.0
6958	2500	3.0
7687	2500	1.0
14829	2500	25.0
16537	2500	10.0
14308	2501	75.0
17970	2501	1.0
6958	2502	8.0
7687	2502	1.0
14829	2502	2.0
15434	2502	102.0
4813	2503	17.0
4830	2503	1.0
6958	2503	2.0
14308	2503	1.0
14829	2503	1.0
16537	2503	4.0
14308	2504	2.0
14829	2504	1.0
15434	2504	3.0
1206	2519	31.0
6958	2519	26.0
2622	2521	30.0
4830	2521	1.0
10081	2521	4.0
14829	2521	3.0
4830	2523	3.0
7687	2523	2.0
14829	2523	7.0
16537	2523	40.0
10081	2524	23.0
2622	2526	134.0
4830	2526	1.0
5213	2526	2.0
10081	2526	1.0
15434	2526	45.0
16537	2526	12.0
1206	2527	75.0
2622	2527	2.0
2732	2527	1.0
3653	2527	61.0
4830	2527	1.0
6958	2527	10.0
10081	2527	87.0
15067	2527	63.0
1206	2530	1.0
11297	2530	2098.0
14829	2530	1.0
1206	2531	3.0
1206	2535	3.0
12619	2535	18.0
14308	2535	33.0
14829	2535	1.0
15434	2535	1.0
16537	2535	13.0
1206	2536	4.0
4813	2536	6.0
6958	2536	92.0
10081	2536	195.0
14308	2536	3.0
14829	2536	72.0
15434	2536	2.0
16537	2536	19.0
1206	2539	104.0
5834	2539	33.0
10081	2539	49.0
12619	2539	56.0
14308	2539	50.0
14829	2539	1.0
15434	2539	13.0
17970	2539	68.0
15434	2540	1.0
15434	2542	1.0
14829	2543	4.0
15434	2543	3.0
14829	2544	12.0
15434	2544	3.0
16537	2544	1.0
17970	2544	5.0
14829	2547	1.0
10081	2548	158.0
10879	2548	3.0
10081	2549	185.0
14829	2549	6.0
15434	2549	1.0
17970	2549	27.0
384	2550	71.0
1206	2550	11.0
15434	2550	196.0
17970	2550	81.0
2732	2552	46.0
10081	2552	1108.0
10081	2553	51.0
1206	2555	7.0
4830	2555	1.0
10081	2555	84.0
14308	2555	3.0
16537	2555	1.0
1206	2556	15.0
10081	2556	75.0
15067	2556	20.0
2622	2557	24.0
4813	2557	2.0
4830	2557	4.0
6958	2557	3.0
14829	2557	4.0
16537	2557	38.0
11297	2559	1.0
10081	2560	78.0
10081	2561	2.0
15434	2563	3.0
10081	2567	97.0
15434	2567	2.0
2732	2568	1.0
5834	2568	15.0
10081	2568	6.0
14308	2572	30.0
14829	2572	4.0
15434	2572	3.0
16537	2572	2.0
7687	2573	3.0
10081	2573	1.0
15434	2573	3.0
16537	2573	1.0
6958	2575	81.0
11297	2575	2.0
12619	2575	1.0
15434	2575	2.0
12619	2576	1.0
2732	2578	1.0
5213	2578	1.0
7687	2578	3.0
3653	2589	15.0
15434	2589	148.0
3653	2590	1110.0
5069	2590	385.0
6958	2592	4.0
10081	2592	14.0
11297	2592	2.0
12619	2592	10.0
14829	2592	3.0
15434	2593	3.0
5069	2595	7.0
10081	2595	1.0
15434	2595	9.0
2732	2596	12.0
10081	2596	230.0
14829	2596	3.0
15434	2596	1.0
1206	2600	2.0
14829	2600	2.0
15434	2600	1.0
14829	2601	1.0
1206	2602	2.0
4813	2602	40.0
1206	2603	16.0
6958	2603	1.0
11297	2603	4.0
14829	2603	1.0
15067	2603	1.0
1206	2604	56.0
14829	2604	1.0
384	2605	1.0
10081	2605	98.0
14308	2614	3.0
14829	2614	2.0
15434	2614	4.0
17970	2614	22.0
10081	2617	85.0
14829	2617	13.0
14829	2631	20.0
14308	2632	62.0
17970	2632	17.0
7687	2633	1.0
5213	2634	308.0
10081	2634	124.0
1206	2636	1.0
1206	2637	17.0
5069	2637	8.0
10081	2637	25.0
15067	2637	51.0
6958	2639	24.0
7687	2639	1.0
10081	2639	19.0
1206	2642	2.0
6958	2642	1.0
10081	2642	12.0
11297	2642	6.0
1206	2643	1.0
14829	2643	1.0
1206	2644	2.0
11297	2645	3.0
4813	2646	1.0
5213	2646	12.0
10879	2646	63.0
11297	2646	4.0
6958	2647	2.0
10879	2648	12.0
15067	2648	3.0
17970	2651	5.0
11297	2654	2.0
15434	2654	28.0
1206	2658	14.0
14829	2658	5.0
10081	2660	87.0
14829	2660	3.0
15434	2660	1.0
7687	2661	1.0
1206	2664	1.0
5834	2664	13.0
17970	2664	1.0
2622	2666	87.0
4830	2666	1.0
10081	2666	69.0
1206	2667	12.0
4830	2667	2.0
5213	2667	34.0
15067	2667	1.0
17970	2667	1.0
12619	2672	4.0
14829	2672	1.0
15434	2672	7.0
11297	2673	2.0
6958	2675	1.0
14829	2675	12.0
14829	2676	1.0
6958	2678	2.0
14829	2678	1.0
1206	2679	1.0
14308	2679	5.0
1206	2680	4.0
14308	2680	4.0
17970	2680	3.0
4830	2681	1.0
15434	2681	1.0
1206	2682	1.0
2732	2682	15.0
4813	2682	1.0
4830	2682	2.0
6958	2682	84.0
7687	2682	1.0
10081	2682	27.0
14308	2682	1.0
14829	2682	4.0
15434	2682	1.0
16537	2682	20.0
17970	2682	1.0
15434	2683	1.0
16537	2683	12.0
6958	2684	2.0
11297	2684	3.0
4830	2685	1.0
6958	2686	10.0
15434	2686	2.0
15434	2687	6.0
10081	2688	1.0
14308	2689	7.0
14829	2689	1.0
1206	2690	4.0
6958	2690	4.0
14829	2690	70.0
1206	2691	55.0
2622	2691	95.0
4830	2691	1.0
10081	2691	157.0
11297	2691	1.0
14829	2691	1.0
15067	2691	156.0
16537	2691	1.0
1206	2692	13.0
5213	2692	96.0
6958	2692	25.0
10081	2692	7.0
11297	2692	1.0
14829	2694	1.0
1206	2695	5.0
2732	2696	2.0
4830	2696	2.0
6958	2696	20.0
7687	2696	4.0
14308	2696	29.0
14829	2696	9.0
1206	2699	2.0
2732	2699	2.0
4830	2699	2.0
6958	2699	92.0
7687	2699	9.0
10081	2699	322.0
14829	2699	1.0
1206	2700	1.0
10081	2700	503.0
14829	2700	3.0
15434	2700	1.0
5834	2701	8.0
10081	2701	20.0
1206	2702	3.0
3653	2702	5.0
6958	2702	19.0
10081	2702	44.0
11297	2702	13.0
14829	2702	1.0
15434	2702	3.0
1206	2704	2.0
6958	2704	4.0
1206	2705	7.0
4813	2705	1.0
1206	2706	2.0
4813	2706	3.0
1206	2707	3.0
15434	2707	1.0
1206	2708	28.0
4813	2708	1.0
15434	2708	8.0
1206	2709	7.0
11297	2709	123.0
1206	2710	16.0
1206	2711	172.0
4830	2711	1.0
11297	2711	7.0
2622	2713	1.0
14308	2713	4.0
10081	2714	1.0
6958	2726	15.0
1206	2727	6.0
4830	2727	3.0
15067	2727	1.0
11297	2731	2.0
6958	2733	6.0
10081	2733	3.0
11297	2733	2.0
11297	2734	1.0
15067	2734	1.0
6958	2735	18.0
11297	2735	3.0
14308	2736	2.0
1206	2737	5.0
3653	2738	61.0
1206	2739	4.0
3653	2739	7.0
11297	2739	1.0
1206	2742	5.0
6958	2742	1.0
7687	2742	1.0
10081	2742	45.0
11297	2742	10.0
14829	2742	1.0
15434	2742	8.0
14829	2743	1.0
1206	2745	3.0
12619	2745	13.0
15434	2745	3.0
11297	2746	2.0
14829	2746	2.0
6958	2747	3.0
14829	2747	2.0
15434	2747	301.0
1206	2749	2.0
10081	2749	1.0
11297	2749	12.0
14829	2749	18.0
2622	2750	71.0
2732	2750	1.0
5213	2750	24.0
6958	2750	41.0
10081	2750	100.0
11297	2750	3.0
12619	2750	1.0
14829	2750	23.0
15434	2750	3.0
16537	2750	4.0
6958	2752	7.0
1206	2755	99.0
11297	2755	1.0
11297	2756	5.0
5213	2757	6.0
6958	2757	1.0
10081	2757	1.0
1206	2758	3.0
1206	2759	19.0
15434	2759	1.0
6958	2760	1.0
15434	2760	2.0
2732	2763	1.0
4830	2763	6.0
14308	2763	3.0
10081	2764	207.0
16537	2764	1.0
11297	2765	3.0
2622	2766	11.0
10081	2766	4.0
15434	2766	1.0
1206	2767	10.0
4813	2767	9.0
10081	2767	181.0
14829	2767	1.0
16537	2767	10.0
2622	2768	19.0
5213	2768	6.0
6958	2768	8.0
11297	2768	4.0
14829	2768	3.0
15067	2768	1.0
16537	2768	7.0
2622	2769	1.0
1206	2770	1.0
6958	2770	2.0
1206	2771	1.0
10081	2771	112.0
14829	2771	4.0
15434	2771	1.0
6958	2775	7.0
10081	2775	4.0
6958	2777	166.0
10081	2777	637.0
14829	2777	16.0
4830	2779	1.0
10081	2781	1.0
5834	2783	39.0
7687	2783	2.0
10879	2783	3.0
14308	2783	2.0
14829	2783	5.0
10879	2784	1.0
15434	2784	3.0
17970	2784	1.0
4813	2785	2.0
4830	2785	1.0
10081	2785	7.0
16537	2785	1.0
6958	2786	1.0
1206	2788	4.0
6958	2788	23.0
7687	2788	18.0
14829	2788	5.0
15434	2788	2.0
16537	2788	71.0
17970	2788	12.0
2732	2789	3.0
1206	2791	2.0
10081	2791	18.0
15067	2794	47.0
14829	2795	1.0
5213	2799	33.0
5834	2799	47.0
6958	2799	1.0
10081	2799	15.0
15434	2800	20.0
384	2801	1.0
15067	2801	14.0
1206	2802	1.0
10081	2802	50.0
15434	2802	7.0
15434	2804	1.0
10081	2805	10.0
2732	2809	17.0
10081	2809	16.0
10081	2812	5.0
11297	2812	4.0
16537	2812	1.0
10081	2814	3.0
14308	2814	52.0
14829	2814	1.0
15434	2814	1.0
16537	2814	3.0
17970	2814	6.0
1206	2816	1.0
10081	2816	98.0
14829	2816	2.0
15434	2816	173.0
15434	2823	1.0
5213	2824	4.0
4813	2826	1.0
10081	2826	1.0
14829	2829	2.0
10081	2832	11.0
1206	2833	4.0
2732	2833	1.0
16537	2833	3.0
16537	2834	1.0
4813	2835	51.0
1206	2836	11.0
5834	2836	2.0
12619	2836	1.0
14829	2836	1.0
15434	2836	1.0
14829	2837	3.0
15434	2837	47.0
5213	2840	16.0
10081	2840	52.0
6958	2842	25.0
11297	2842	1.0
12619	2842	1.0
15434	2842	1.0
17970	2842	20.0
6958	2844	2.0
1206	2846	3.0
4830	2846	1.0
10081	2846	22.0
14829	2846	1.0
10081	2847	39.0
15541	2847	2.0
2622	2848	68.0
4813	2848	2.0
6958	2848	12.0
10879	2848	145.0
14829	2848	3.0
15434	2848	42.0
15067	2851	30.0
4813	2852	18.0
4830	2852	2.0
6958	2852	6.0
12619	2852	31.0
14308	2852	1.0
14829	2852	3.0
15434	2852	100.0
1206	2853	2.0
2622	2853	24.0
15434	2854	1.0
10081	2855	7.0
15434	2855	1.0
3653	2860	2.0
5213	2860	42.0
6958	2860	35.0
10081	2860	27.0
15067	2860	72.0
11297	2862	1.0
10081	2863	37.0
14308	2863	8.0
15434	2863	2.0
6958	2865	1.0
384	2869	1.0
5213	2869	1.0
5834	2869	1.0
10081	2869	9.0
14308	2869	6.0
3653	2870	381.0
4830	2870	1.0
5213	2870	90.0
6958	2870	3.0
10081	2870	119.0
1206	2873	1.0
4813	2873	1.0
5213	2874	3.0
10081	2874	30.0
16537	2875	10.0
10081	2876	22.0
14308	2876	55.0
5069	2877	1.0
10081	2877	68.0
15067	2877	76.0
5069	2879	1.0
10081	2883	97.0
10081	2884	33.0
14308	2884	1.0
12619	2885	1.0
15434	2885	1.0
2622	2886	46.0
14829	2886	1.0
2622	2887	2.0
4830	2887	1.0
7687	2887	13.0
5069	2888	8.0
10081	2888	9.0
15067	2888	4.0
1206	2894	5.0
4813	2894	8.0
6958	2894	44.0
10879	2894	601.0
14829	2894	3.0
1206	2903	33.0
5834	2903	31.0
14308	2903	40.0
15434	2903	8.0
17970	2903	11.0
1206	2904	10.0
14308	2904	5.0
1206	2905	2.0
5213	2905	1.0
6958	2906	1.0
11297	2906	36.0
17970	2906	97.0
4830	2908	1.0
6958	2908	10.0
14829	2908	1.0
5834	2910	2.0
6958	2910	2.0
12619	2910	2.0
15434	2910	18.0
17970	2910	2.0
1206	2912	1.0
6958	2913	7.0
7687	2913	2.0
10081	2913	2.0
15434	2913	1.0
16537	2913	1.0
10081	2950	59.0
10081	2953	5.0
5834	2955	270.0
10081	2955	20.0
1206	2956	1.0
10081	2956	120.0
15434	2956	1.0
1206	2957	1.0
10081	2957	95.0
14829	2957	2.0
15434	2957	1.0
10081	2989	4.0
10081	2990	49.0
10081	2998	50.0
14308	2998	31.0
14829	2998	1.0
17970	2998	33.0
6958	3010	11.0
10879	3010	22.0
15434	3010	1.0
1206	3011	85.0
6958	3011	2.0
10081	3011	39.0
12619	3011	1.0
15434	3011	33.0
16537	3011	9.0
17970	3011	114.0
10081	3014	56.0
1206	3015	3.0
15067	3015	2.0
10081	3019	3.0
1206	3020	90.0
10081	3020	98.0
14829	3020	3.0
15434	3020	86.0
10081	3022	11.0
14829	3022	2.0
10081	3023	247.0
10081	3024	280.0
1206	3027	1.0
1206	3035	1.0
11297	3038	1.0
1206	3039	1.0
1206	3040	7.0
1206	3041	2.0
1206	3042	2.0
11297	3047	4.0
1206	3055	1.0
10081	3055	108.0
10081	3063	13.0
10081	3065	6.0
10081	3066	1.0
1206	3068	87.0
5834	3068	229.0
10081	3068	6.0
12619	3068	1.0
14829	3068	82.0
15434	3068	224.0
17970	3068	47.0
14829	3069	1.0
15434	3069	1.0
10081	3071	10.0
15434	3072	1.0
10081	3073	12.0
10081	3075	12.0
14308	3075	1.0
5834	3081	195.0
10081	3081	71.0
10081	3084	1.0
14829	3084	2.0
15434	3084	2.0
17970	3084	18.0
1206	3093	22.0
17970	3094	8.0
1206	3102	1.0
4830	3105	2.0
6958	3105	161.0
10879	3105	14.0
15434	3105	11.0
17970	3105	53.0
17970	3107	1.0
1206	3108	12.0
1206	3112	6.0
1206	3113	8.0
12619	3113	3.0
17970	3119	1.0
17970	3120	1.0
11297	3121	2.0
1206	3125	3.0
4813	3128	1.0
10081	3133	6.0
15434	3139	3.0
15434	3142	7.0
5834	3143	39.0
10081	3143	10.0
12619	3143	2.0
10081	3145	122.0
15067	3145	12.0
15434	3146	1.0
10081	3149	48.0
1206	3155	1.0
10081	3168	75.0
10081	3169	12.0
15434	3170	1.0
5834	3174	367.0
10081	3174	29.0
1206	3175	60.0
4830	3179	2.0
14829	3179	1.0
11297	3182	10.0
10081	3188	1.0
6958	3189	4.0
11297	3189	3.0
14829	3189	1.0
17970	3189	68.0
11297	3192	2.0
10081	3198	6.0
14829	3198	1.0
15067	3198	1.0
16537	3198	1.0
1206	3202	2.0
17970	3221	4.0
5834	3229	13.0
10081	3232	5.0
1206	3233	9.0
1206	3235	1.0
5834	3235	1.0
12619	3235	3.0
11297	3240	2.0
11297	3248	2.0
1206	3250	3.0
1206	3256	1.0
6958	3265	1.0
15067	3265	1.0
15434	3265	18.0
11297	3266	4.0
15434	3266	2.0
4813	3267	3.0
1206	3281	1.0
10081	3288	1.0
10081	3291	10.0
17970	3291	2.0
1206	3296	35.0
6958	3296	5.0
11297	3296	12.0
14829	3296	1.0
4813	3305	1.0
10081	3307	236.0
6958	3314	3.0
11297	3315	2.0
11297	3316	1.0
1206	3317	3.0
6958	3317	2.0
14829	3317	1.0
6958	3325	3.0
14308	3325	1.0
15434	3325	1.0
4813	3327	1.0
11297	3327	3.0
2622	3339	83.0
11297	3339	2.0
15067	3339	2.0
6958	3344	12.0
1206	3345	1.0
10081	3358	1.0
15067	3358	7.0
5213	3361	1.0
1206	3362	1.0
14308	3362	1.0
1206	3366	1.0
5069	3366	18.0
10081	3366	33.0
15067	3366	2.0
1206	3380	1.0
10081	3380	46.0
15067	3380	22.0
5213	3396	18.0
1206	3400	1.0
10879	3400	151.0
11297	3400	2.0
12619	3400	1.0
15434	3400	1.0
17970	3400	6.0
4813	3403	1.0
6958	3403	2.0
15434	3403	2.0
7687	3404	1.0
15434	3406	1.0
4813	3407	1.0
1206	3408	40.0
5834	3408	1.0
12619	3408	2.0
14308	3408	12.0
4813	3409	1.0
6958	3409	3.0
15434	3409	68.0
12619	3410	1.0
2622	3411	24.0
15067	3411	30.0
384	3414	488.0
1206	3414	29.0
14308	3414	6.0
14829	3415	2.0
15434	3415	8.0
5834	3416	3.0
6958	3416	1.0
4830	3417	1.0
17970	3417	1.0
14308	3418	7.0
15434	3418	2.0
16537	3418	28.0
10879	3419	2.0
11297	3419	1.0
7687	3420	1.0
10081	3428	46.0
10081	3433	1.0
14829	3433	2.0
15434	3433	23.0
4813	3437	6.0
12619	3437	16.0
17970	3437	1.0
1206	3438	1.0
6958	3438	38.0
11297	3438	3.0
14829	3438	1.0
15434	3438	49.0
17970	3438	1.0
1206	3439	4.0
6958	3439	26.0
14829	3439	2.0
15434	3439	10.0
4813	3441	1.0
15434	3441	4.0
10081	3453	19.0
15434	3453	19.0
5213	3456	1.0
10081	3456	39.0
17970	3456	15.0
6958	3459	5.0
15434	3459	1.0
6958	3462	2.0
14308	3462	1.0
15434	3462	3.0
1206	3463	307.0
14829	3463	4.0
15434	3463	141.0
12619	3464	124.0
15434	3464	14.0
14829	3468	4.0
15434	3468	7.0
12619	3469	17.0
15434	3469	1.0
1206	3471	151.0
4813	3471	7.0
4830	3471	3.0
5213	3471	3.0
6958	3471	2.0
7687	3471	12.0
10081	3471	72.0
10879	3471	20.0
14829	3471	90.0
15434	3471	167.0
16537	3471	7.0
17970	3471	19.0
5834	3472	7.0
1206	3474	9.0
2732	3474	4.0
4813	3474	1.0
4830	3474	3.0
5213	3474	4.0
6958	3474	13.0
10081	3474	1175.0
14829	3474	8.0
15434	3474	4.0
2622	3476	38.0
6958	3476	4.0
14829	3476	5.0
10081	3477	681.0
14829	3477	4.0
15434	3477	3.0
16537	3477	190.0
14308	3478	1.0
15434	3478	91.0
6958	3479	7.0
10879	3479	1.0
15434	3479	14.0
4813	3480	1.0
6958	3481	6.0
15434	3481	2.0
1206	3482	15.0
15067	3482	291.0
14829	3484	2.0
15434	3484	20.0
6958	3490	2.0
15541	3492	1.0
6958	3493	12.0
14829	3493	4.0
15434	3493	8.0
384	3494	1.0
14308	3494	4.0
14829	3494	51.0
4813	3496	39.0
5834	3502	1.0
17970	3502	74.0
384	3504	16.0
1206	3504	48.0
10081	3504	1.0
14829	3504	3.0
15434	3504	26.0
14308	3505	1.0
384	3506	1.0
14308	3509	4.0
16537	3510	3.0
384	3512	4.0
15434	3512	1.0
15541	3519	2.0
15067	3522	1.0
10081	3523	63.0
11297	3523	1.0
15434	3523	10.0
14308	3524	7.0
6958	3525	2.0
10081	3526	1.0
14829	3526	1.0
15434	3526	2.0
16537	3528	1.0
4813	3532	3.0
12619	3532	41.0
4813	3533	1.0
4830	3533	3.0
16537	3533	5.0
10081	3536	651.0
15067	3536	1.0
5834	3541	3.0
10081	3543	75.0
15067	3543	151.0
14829	3547	1.0
5834	3551	4.0
6958	3552	1.0
5069	3559	1967.0
2732	3562	3.0
4813	3562	8.0
4830	3562	2.0
14308	3562	2.0
14829	3562	1.0
10081	3563	2.0
14829	3563	1.0
15434	3568	3.0
14829	3570	2.0
15434	3570	1.0
17970	3571	1.0
4813	3572	22.0
14308	3572	2.0
15434	3573	3.0
12619	3574	1.0
15434	3574	2.0
17970	3574	6.0
4813	3576	5.0
6958	3576	36.0
14308	3576	1.0
14829	3576	7.0
15434	3576	3.0
14829	3577	3.0
5834	3579	1.0
10081	3579	17.0
6958	3580	9.0
11297	3580	23.0
10081	3581	1.0
15434	3581	3.0
10081	3584	9.0
15067	3584	1.0
5213	3585	28.0
10081	3585	177.0
15067	3586	436.0
384	3588	1.0
12619	3589	4.0
14829	3589	1.0
10081	3591	545.0
4813	3593	45.0
14308	3593	1.0
15434	3593	41.0
6958	3594	9.0
2622	3612	1.0
6958	3617	2.0
2622	3618	1.0
12619	3619	66.0
14829	3620	1.0
14308	3621	1.0
15434	3621	5.0
6958	3623	7.0
15067	3623	84.0
2622	3624	1.0
6958	3624	2.0
1206	3625	5.0
5069	3625	5.0
6958	3625	5.0
10081	3625	14.0
11297	3625	34.0
15067	3625	1.0
2622	3626	1.0
6958	3626	1.0
2622	3628	1.0
1206	3634	2.0
14308	3634	3.0
15067	3634	1.0
15434	3634	11.0
17970	3639	2.0
2622	3644	1.0
6958	3644	2.0
2622	3647	105.0
2622	3650	3.0
2622	3653	596.0
6958	3653	5.0
10081	3653	56.0
15067	3653	11.0
2622	3654	1.0
6958	3654	42.0
10081	3654	22.0
15541	3655	27.0
2622	3656	1.0
14829	3658	1.0
15541	3666	3.0
6958	3668	1.0
11297	3669	3.0
15434	3669	2.0
14308	3671	1.0
6958	3672	1.0
11297	3672	1.0
7687	3676	1.0
14829	3676	1.0
15434	3676	1.0
1206	3678	2.0
12619	3678	10.0
15434	3678	107.0
17970	3678	6.0
1206	3679	7.0
4813	3679	7.0
11297	3681	21.0
11297	3682	4.0
15434	3689	2.0
14829	3690	4.0
1206	3692	6.0
4813	3692	13.0
4830	3692	1.0
7687	3692	4.0
14829	3692	3.0
15434	3692	5.0
16537	3692	178.0
17970	3692	32.0
7687	3698	2.0
10081	3698	3.0
12619	3698	1.0
14308	3698	15.0
14829	3698	2.0
15434	3698	7.0
7687	3709	12.0
14308	3709	16.0
17970	3709	1.0
10081	3710	39.0
10081	3711	12.0
15434	3712	22.0
1206	3713	5.0
14308	3713	1.0
15434	3713	2.0
16537	3713	2.0
15067	3722	1.0
14829	3740	8.0
15434	3740	2.0
5213	3741	1.0
7687	3741	31.0
14829	3741	12.0
15434	3741	1.0
16537	3741	8.0
1206	3745	6.0
2622	3745	28.0
6958	3745	30.0
15541	3746	13.0
2622	3749	1.0
15434	3751	2.0
2622	3758	1.0
3653	3758	4.0
6958	3758	2.0
6958	3760	10.0
1206	3761	9.0
10081	3761	9.0
4830	3768	1.0
1206	3770	22.0
4813	3770	6.0
4830	3770	2.0
6958	3770	15.0
7687	3770	1.0
12619	3770	2.0
14829	3770	1.0
16537	3770	59.0
1206	3771	1.0
4813	3771	2.0
12619	3773	1.0
14829	3773	5.0
15067	3773	43.0
5834	3775	1.0
15067	3775	3.0
2622	3779	1.0
6958	3779	2.0
15067	3779	166.0
384	3780	5.0
4813	3781	39.0
4830	3782	1.0
10081	3782	1.0
14308	3782	1.0
15434	3782	4.0
16537	3782	90.0
10081	3785	3.0
14308	3786	1.0
15434	3787	9.0
1206	3790	1.0
1206	3791	14.0
2622	3791	32.0
4813	3791	1.0
4830	3791	1.0
15434	3792	4.0
10081	3798	1.0
10081	3799	1.0
384	3802	4.0
15434	3805	2.0
1206	3808	1.0
10081	3808	1.0
14829	3808	1.0
14308	3810	2.0
4813	3811	15.0
1206	3812	6.0
2622	3815	1.0
4813	3815	19.0
4830	3815	5.0
5213	3815	9.0
6958	3815	9.0
7687	3815	1.0
14829	3815	5.0
15434	3815	16.0
16537	3815	15.0
1206	3817	20.0
4813	3817	2.0
6958	3817	11.0
7687	3817	1.0
10081	3817	52.0
14308	3817	273.0
14829	3817	4.0
15434	3817	261.0
16537	3817	3.0
2732	3819	2.0
1206	3821	8.0
4813	3821	2.0
4830	3821	1.0
16537	3821	33.0
10081	3824	3.0
14829	3825	2.0
15434	3825	1.0
1206	3826	14.0
14829	3826	5.0
16537	3826	40.0
1206	3827	1.0
4813	3827	1.0
10081	3827	1.0
14829	3827	3.0
16537	3827	1.0
5213	3829	7.0
10081	3829	9.0
1206	3830	21.0
5834	3830	27.0
10081	3830	9.0
14308	3830	9.0
15434	3830	59.0
17970	3830	52.0
15434	3834	19.0
1206	3835	21.0
4813	3835	2.0
12619	3835	22.0
14829	3835	2.0
15434	3835	1.0
17970	3835	1.0
384	3836	32.0
4813	3837	1.0
10081	3845	8.0
15434	3845	2.0
1206	3846	48.0
5213	3846	70.0
10081	3846	3.0
12619	3846	36.0
15434	3846	24.0
384	3847	17.0
10081	3847	46.0
15434	3847	1.0
1206	3848	12.0
7687	3848	1.0
14829	3848	1.0
16537	3848	7.0
1206	3849	26.0
4830	3849	6.0
6958	3849	2.0
7687	3849	4.0
14829	3849	20.0
15434	3849	14.0
16537	3849	537.0
1206	3850	12.0
1206	3851	9.0
4813	3851	58.0
6958	3851	25.0
7687	3851	2.0
10081	3851	87.0
15434	3851	1.0
16537	3851	17.0
1206	3852	2.0
7687	3852	7.0
14829	3852	7.0
15434	3852	4.0
16537	3852	22.0
1206	3854	1.0
14829	3854	1.0
16537	3854	33.0
16537	3856	19.0
14829	3858	1.0
14829	3859	2.0
15434	3859	1.0
1206	3860	10.0
6958	3860	3.0
7687	3860	1.0
12619	3860	18.0
14308	3860	3.0
14829	3860	5.0
15434	3860	68.0
16537	3860	1.0
17970	3860	71.0
4830	3861	1.0
16537	3861	6.0
14829	3862	2.0
16537	3862	15.0
384	3866	3.0
14829	3867	4.0
15434	3867	3.0
14829	3870	4.0
1206	3871	2.0
15434	3887	2.0
1206	3890	10.0
14829	3891	1.0
14829	3893	1.0
16537	3893	8.0
4830	3896	2.0
16537	3896	60.0
1206	3897	1.0
2622	3897	113.0
10081	3898	11.0
1206	3899	1.0
2732	3899	2.0
5213	3899	7.0
10081	3899	63.0
16537	3899	260.0
15434	3900	1.0
16537	3900	22.0
6958	3901	27.0
14308	3901	1.0
15434	3901	19.0
2622	3902	36.0
14829	3903	1.0
15434	3903	1.0
14829	3904	8.0
15434	3905	24.0
4813	3906	1.0
10879	3906	41.0
15067	3906	10.0
15434	3906	22.0
5834	3911	1.0
6958	3912	22.0
14829	3912	1.0
7687	3916	1.0
16537	3918	5.0
10081	3920	5.0
14308	3920	1.0
384	3921	109.0
384	3922	1.0
10081	3922	41.0
15434	3922	3.0
384	3924	17.0
14829	3924	2.0
384	3925	87.0
16537	3926	3.0
2622	3935	1.0
4830	3935	1.0
5069	3935	4.0
5213	3935	33.0
6958	3935	7.0
11297	3935	1.0
5213	3936	1.0
6958	3936	1.0
15434	3940	1.0
10081	3942	1.0
4813	3943	1.0
11297	3943	8.0
11297	3944	1.0
11297	3946	2.0
384	3947	1.0
1206	3948	2.0
11297	3949	1.0
1206	3950	2.0
4813	3950	26.0
1206	3951	1.0
11297	3951	3.0
11297	3954	1.0
1206	3956	2.0
2732	3956	4.0
10081	3956	9.0
1206	3957	4.0
6958	3960	1.0
15434	3961	22.0
11297	3962	2.0
1206	3963	1.0
1206	3965	1.0
1206	3967	1.0
4813	3968	10.0
11297	3969	3.0
14829	3971	6.0
1206	3972	5.0
14308	3972	4.0
15434	3972	3.0
16537	3972	1.0
17970	3972	9.0
11297	3974	1.0
2732	3976	25.0
10081	3976	51.0
11297	3976	2.0
14829	3976	2.0
15434	3976	1.0
16537	3976	1.0
2732	3979	2.0
10081	3979	4.0
14829	3979	1.0
5213	3981	1.0
4813	3984	3.0
1206	3985	6.0
11297	3985	1.0
1206	3988	1.0
4813	3989	3.0
14829	4000	1.0
12619	4004	1.0
15434	4004	3.0
10081	4005	81.0
6958	4015	1.0
11297	4015	6.0
15541	4026	39.0
15434	4027	57.0
16537	4028	1.0
10081	4031	12.0
14308	4031	18.0
5213	4036	97.0
6958	4036	77.0
10081	4036	545.0
1206	4038	46.0
14829	4038	1.0
4830	4039	2.0
16537	4039	8.0
11297	4042	8.0
14829	4042	1.0
15434	4045	6.0
14829	4046	2.0
15434	4046	264.0
16537	4047	7.0
4830	4071	1.0
10879	4071	136.0
14829	4071	2.0
15067	4071	1.0
15434	4071	1.0
4813	4074	2.0
12619	4078	2.0
4813	4085	22.0
2732	4091	4.0
4830	4091	1.0
2622	4093	41.0
7687	4093	11.0
10879	4093	10.0
17970	4093	4.0
2622	4097	1.0
2732	4097	1.0
4813	4097	4.0
4830	4097	5.0
6958	4097	9.0
7687	4097	3.0
14829	4097	6.0
16537	4097	22.0
15434	4098	2.0
4830	4100	1.0
10081	4101	6.0
14829	4103	84.0
2622	4104	75.0
5213	4104	39.0
1206	4121	20.0
5834	4121	14.0
14308	4121	1.0
15434	4121	19.0
17970	4121	1.0
1206	4123	1.0
1206	4124	1.0
10081	4124	1.0
12619	4124	8.0
14308	4124	1.0
14829	4124	1.0
15434	4124	5.0
17970	4124	13.0
1206	4125	4.0
5834	4125	7.0
10081	4125	84.0
12619	4125	43.0
14308	4125	8.0
14829	4125	13.0
15067	4125	22.0
15434	4125	249.0
17970	4125	4.0
5834	4126	2.0
12619	4126	1.0
15067	4126	25.0
15434	4126	1.0
6958	4137	1.0
384	4141	69.0
5834	4141	2.0
14308	4141	3.0
5834	4145	7.0
4813	4148	4.0
15434	4148	1.0
384	4153	3.0
10081	4155	4.0
11297	4158	2.0
15434	4158	1.0
14829	4160	2.0
12619	4170	1.0
16537	4171	77.0
6958	4175	10.0
1206	4177	13.0
6958	4177	3.0
4813	4179	9.0
384	4181	7.0
11297	4181	1.0
12619	4181	5.0
14308	4181	39.0
15434	4181	1.0
15067	4185	1.0
17970	4185	1.0
15434	4186	3.0
4813	4192	2.0
6958	4193	2.0
384	4198	4.0
1206	4201	15.0
6958	4201	19.0
12619	4201	13.0
15434	4201	1.0
16537	4201	20.0
15067	4202	9.0
10081	4208	36.0
15067	4208	1110.0
1206	4213	22.0
6958	4213	88.0
15434	4213	10.0
16537	4213	1.0
10081	4214	4.0
14308	4216	1.0
10081	4220	3.0
10081	4225	14.0
15434	4225	1.0
7687	4226	1.0
10081	4227	10.0
14308	4227	2.0
14829	4257	1.0
1206	4261	13.0
5834	4261	1.0
6958	4261	18.0
15434	4261	35.0
4830	4269	1.0
5213	4269	2.0
10081	4269	99.0
1206	4280	9.0
10081	4281	405.0
1206	4283	185.0
11297	4283	15.0
14829	4283	1.0
15434	4283	7.0
4813	4284	19.0
11297	4284	1.0
12619	4284	4.0
17970	4289	1.0
15067	4292	1.0
6958	4294	2.0
10081	4294	1.0
14308	4294	1.0
4830	4295	1.0
12619	4295	1.0
14829	4295	1.0
15434	4295	3.0
6958	4298	20.0
15434	4298	7.0
7687	4299	1.0
6958	4303	2.0
7687	4303	1.0
15434	4303	3.0
16537	4304	1.0
15434	4306	1.0
7687	4309	1.0
10081	4309	7.0
14829	4311	1.0
1206	4313	6.0
15434	4313	2.0
16537	4313	1.0
384	4315	10.0
1206	4315	1.0
12619	4315	1.0
14308	4315	21.0
1206	4316	17.0
12619	4316	2.0
14308	4316	3.0
14308	4319	1.0
1206	4321	11.0
4813	4321	1.0
5213	4321	1.0
5834	4321	2.0
12619	4321	6.0
14829	4321	6.0
15434	4321	1.0
17970	4321	1.0
4813	4323	59.0
12619	4323	3.0
4813	4327	6.0
4830	4327	1.0
14829	4327	1.0
15434	4327	3.0
16537	4327	3.0
4813	4328	1.0
4813	4329	1.0
14829	4329	1.0
1206	4331	1.0
4813	4331	1.0
4830	4331	1.0
10081	4331	18.0
15434	4331	5.0
1206	4333	3.0
4830	4333	2.0
5069	4333	1.0
12619	4333	1.0
16537	4333	301.0
7687	4339	1.0
2622	4340	62.0
16537	4341	15.0
1206	4342	1.0
4830	4342	1.0
5834	4342	1.0
1206	4343	52.0
6958	4343	2.0
14308	4343	22.0
14829	4343	1.0
15434	4343	1.0
16537	4343	4.0
17970	4343	3.0
10081	4346	8.0
14829	4347	2.0
2622	4348	81.0
4830	4348	1.0
1206	4349	2.0
11297	4349	2.0
17970	4352	1.0
4830	4353	1.0
5213	4354	10.0
7687	4355	1.0
15434	4356	4.0
7687	4357	1.0
7687	4359	2.0
4813	4360	1.0
5834	4360	1.0
12619	4360	1.0
14829	4361	1.0
11297	4363	1.0
5834	4368	1.0
1206	4369	1.0
14308	4369	10.0
14308	4371	1.0
14829	4371	2.0
15434	4371	38.0
7687	4372	1.0
15434	4372	11.0
16537	4372	3.0
1206	4378	3.0
2622	4379	1.0
14829	4390	3.0
1206	4391	1.0
16537	4391	7.0
15434	4392	2.0
1206	4395	5.0
5834	4395	4.0
10081	4395	31.0
12619	4395	23.0
14308	4395	142.0
14829	4395	2.0
15434	4395	3.0
16537	4395	6.0
17970	4395	14.0
14829	4397	2.0
7687	4398	1.0
15434	4398	2.0
10081	4399	4.0
15434	4399	9.0
10081	4402	89.0
15067	4402	29.0
3653	4404	466.0
5213	4404	176.0
6958	4404	134.0
14308	4406	1.0
4813	4407	1.0
10081	4407	48.0
14829	4407	5.0
15434	4407	2.0
16537	4407	244.0
15434	4409	8.0
12619	4413	6.0
384	4415	2.0
1206	4415	12.0
7687	4415	3.0
14308	4415	29.0
14829	4415	1.0
15434	4415	4.0
16537	4415	2.0
17970	4415	20.0
6958	4429	4.0
1206	4437	24.0
15434	4437	1.0
14829	4440	1.0
4830	4441	1.0
10081	4441	6.0
14829	4441	35.0
15434	4441	6.0
2622	4442	4.0
2732	4442	1.0
4830	4442	2.0
7687	4442	3.0
10081	4442	2.0
14308	4442	830.0
16537	4442	1.0
1206	4443	3.0
10081	4443	8.0
14308	4443	4.0
14829	4443	6.0
15434	4443	19.0
16537	4443	1.0
17970	4443	15.0
6958	4444	49.0
4830	4445	1.0
7687	4445	1.0
1206	4449	69.0
4813	4449	31.0
5834	4449	1.0
6958	4449	85.0
7687	4449	5.0
10081	4449	71.0
12619	4449	121.0
14308	4449	73.0
14829	4449	6.0
15434	4449	2.0
17970	4449	3.0
14829	4451	30.0
15067	4453	4.0
5213	4455	1.0
10081	4455	16.0
14308	4455	10.0
2622	4475	1.0
4813	4475	1.0
10081	4475	232.0
14308	4475	2.0
14829	4475	185.0
15434	4475	8.0
15067	4483	2.0
1206	4491	2.0
14829	4491	1.0
11297	4496	4.0
15434	4499	2.0
1206	4502	4.0
4813	4502	52.0
6958	4502	19.0
11297	4502	2.0
14308	4502	62.0
15434	4502	9.0
10081	4505	27.0
1206	4513	1.0
10081	4521	28.0
15067	4523	48.0
10081	4527	4.0
1206	4528	1.0
4813	4554	1.0
7687	4555	3.0
14829	4555	3.0
15434	4555	5.0
5834	4563	3.0
6958	4564	6.0
10879	4564	1172.0
11297	4564	2.0
15067	4564	1.0
1206	4566	1.0
10081	4566	19.0
10081	4571	70.0
10081	4575	39.0
1206	4576	1.0
15434	4576	1.0
1206	4583	19.0
11297	4583	4.0
15067	4583	7.0
1206	4585	1.0
11297	4599	2.0
15434	4609	1.0
17970	4609	2.0
1206	4610	2.0
12619	4610	3.0
4813	4614	3.0
6958	4617	3.0
6958	4618	2.0
11297	4618	40.0
15434	4618	3.0
15434	4620	1.0
15434	4621	4.0
11297	4623	1.0
1206	4624	3.0
15434	4624	1.0
12619	4625	1.0
15434	4625	16.0
17970	4625	4.0
1206	4632	3.0
10081	4638	12.0
1206	4643	3.0
10081	4651	4.0
6958	4660	1.0
14829	4660	5.0
16537	4660	2.0
4830	4661	1.0
4813	4662	2.0
11297	4678	1.0
15434	4678	14.0
15434	4680	1.0
10081	4684	67.0
15434	4684	1.0
14829	4685	1.0
15434	4685	12.0
12619	4686	13.0
4813	4696	27.0
16537	4696	1.0
14308	4699	1.0
1206	4716	4.0
10081	4716	1.0
4813	4719	14.0
1206	4725	38.0
14308	4725	2.0
14829	4725	1.0
15434	4725	28.0
10081	4733	12.0
11297	4737	1.0
2732	4738	1.0
7687	4746	34.0
16537	4746	3.0
1206	4747	6.0
6958	4747	11.0
10879	4747	26.0
11297	4747	21.0
15067	4747	1.0
17970	4747	2.0
1206	4749	12.0
15434	4751	5.0
7687	4753	1.0
15434	4753	1.0
10081	4756	2.0
15434	4756	3.0
17970	4756	1.0
4830	4757	2.0
15434	4757	1.0
4813	4758	1.0
1206	4762	77.0
2732	4762	1.0
4813	4762	2.0
5213	4762	1.0
11297	4762	2.0
12619	4762	36.0
17970	4762	2.0
10081	4763	39.0
1206	4784	1.0
4813	4784	6.0
6958	4784	2.0
15434	4788	9.0
14308	4800	2.0
14308	4806	3.0
14308	4810	13.0
1206	4814	1.0
4813	4814	20.0
5213	4831	22.0
11297	4831	1.0
1206	4833	12.0
6958	4833	4.0
17970	4833	1.0
10081	4839	13.0
16537	4839	8.0
6958	4840	1.0
6958	4841	20.0
7687	4841	1.0
16537	4841	32.0
10081	4848	73.0
15067	4848	52.0
5213	4849	44.0
6958	4849	2.0
10081	4849	120.0
15067	4849	611.0
5213	4850	1.0
5213	4852	64.0
10081	4854	2.0
12619	4861	1.0
384	4862	7.0
15434	4864	1.0
4830	4865	1.0
14829	4865	1.0
16537	4866	12.0
5213	4868	2.0
10081	4868	7.0
15067	4868	102.0
15541	4868	338.0
15067	4869	5.0
5213	4873	15.0
10081	4873	25.0
10081	4874	130.0
15067	4874	62.0
5213	4877	4.0
5213	4878	4.0
10081	4878	40.0
15067	4878	159.0
15541	4878	1.0
5213	4881	30.0
10081	4881	1.0
5213	4883	82.0
10081	4883	1.0
10081	4884	6.0
14829	4886	1.0
4830	4887	2.0
7687	4887	3.0
10081	4887	113.0
14829	4887	5.0
14829	4888	2.0
4830	4889	1.0
15434	4890	3.0
5213	4892	5.0
15541	4892	13.0
4813	4897	22.0
10081	4897	1.0
10081	4899	150.0
1206	4901	1.0
7687	4901	3.0
14829	4901	2.0
16537	4901	74.0
11297	4902	2.0
14829	4902	1.0
5213	4903	22.0
6958	4903	1.0
12619	4904	1.0
1206	4905	1.0
4813	4905	1.0
4830	4905	3.0
6958	4922	4.0
16537	4923	338.0
1206	4926	8.0
2622	4926	176.0
6958	4926	7.0
7687	4926	91.0
10081	4926	96.0
14829	4926	3.0
15434	4926	5.0
4813	4927	1.0
4813	4929	6.0
1206	4930	1.0
5213	4934	2.0
10081	4934	1.0
15434	4934	1.0
384	4935	4.0
14308	4935	9.0
5834	4938	1.0
14308	4938	1.0
1206	4939	3.0
1206	4952	17.0
5213	4952	30.0
15067	4955	6.0
4813	4957	13.0
5213	4957	1.0
17970	4957	185.0
1206	4959	2.0
1206	4963	1.0
12619	4963	3.0
14308	4963	1.0
2732	4964	33.0
5069	4965	29.0
5213	4965	58.0
5069	4966	2.0
5213	4966	5.0
15434	4966	4.0
7687	4969	2.0
4813	4973	1.0
15434	4974	3.0
15434	4975	42.0
15434	4977	1.0
14308	4991	1.0
14829	4993	4.0
15434	4993	69.0
15434	4994	1.0
384	4995	1.0
17970	5007	2.0
1206	5008	9.0
15434	5008	7.0
16537	5008	224.0
11297	5009	3.0
15434	5009	80.0
15434	5010	3.0
14308	5011	2.0
4830	5012	1.0
15067	5012	1.0
15434	5012	1.0
17970	5012	39.0
3653	5013	23.0
15541	5015	2.0
4813	5016	1.0
17970	5023	1.0
10081	5029	4.0
14308	5033	2.0
14829	5037	2.0
1206	5038	3.0
14308	5038	3.0
15541	5040	8.0
5834	5044	1.0
15541	5048	3.0
15067	5057	1.0
10081	5061	3.0
15067	5061	6.0
5213	5080	4.0
14308	5080	2.0
6958	5085	3.0
5213	5098	41.0
15067	5098	533.0
15541	5098	124.0
6958	5099	3.0
10081	5099	82.0
10081	5113	9.0
1206	5115	5.0
5834	5115	23.0
12619	5115	17.0
14308	5115	4.0
17970	5115	1.0
10081	5116	104.0
15434	5156	1.0
384	5158	1.0
5069	5164	1.0
15067	5164	1.0
10081	5172	17.0
14829	5172	1.0
1206	5174	3.0
17970	5174	45.0
15434	5178	3.0
10081	5179	7.0
17970	5183	3.0
1206	5187	6.0
10081	5187	71.0
17970	5187	15.0
17970	5188	5.0
6958	5199	4.0
1206	5204	3.0
5834	5204	3.0
11297	5204	1.0
15067	5204	1.0
15434	5205	4.0
4813	5206	1.0
11297	5206	2.0
14829	5209	1.0
17970	5209	12.0
384	5212	4.0
1206	5214	5.0
10081	5214	13.0
11297	5214	1.0
14829	5214	1.0
16537	5214	1.0
5069	5220	3.0
2622	5222	1.0
6958	5222	11.0
15541	5222	5.0
1206	5223	2.0
4813	5223	4.0
15067	5225	1.0
1206	5226	15.0
10081	5231	2.0
384	5237	20.0
14308	5238	7.0
4813	5244	2.0
11297	5244	3.0
6958	5245	11.0
6958	5247	3.0
15434	5248	1.0
5834	5251	2.0
17970	5251	1.0
11297	5252	1.0
10081	5256	52.0
11297	5257	2.0
2622	5259	78.0
4813	5259	4.0
10879	5259	46.0
15434	5260	2.0
5069	5263	5.0
16537	5268	1.0
384	5275	5.0
14829	5275	1.0
10081	5277	9.0
14308	5277	3.0
15434	5277	71.0
17970	5277	11.0
384	5283	5.0
1206	5284	9.0
10081	5284	4.0
6958	5291	4.0
15067	5291	1.0
10081	5298	8.0
11297	5298	1.0
15067	5298	19.0
10081	5299	1.0
1206	5300	1.0
4813	5300	14.0
12619	5300	1.0
16537	5300	6.0
11297	5303	1.0
1206	5306	5.0
2732	5306	14.0
5213	5306	2.0
6958	5306	1.0
10081	5306	43.0
12619	5306	15.0
14829	5306	91.0
16537	5306	52.0
1206	5316	5.0
11297	5316	4.0
14829	5316	1.0
1206	5318	6.0
1206	5319	4.0
4813	5319	5.0
17970	5319	13.0
5834	5322	1.0
1206	5325	2.0
11297	5329	116.0
14829	5329	1.0
15434	5329	1.0
14829	5330	1.0
14308	5334	19.0
15434	5334	1.0
10081	5339	41.0
10081	5340	9.0
5213	5349	17.0
1206	5351	8.0
10081	5351	2.0
14829	5351	1.0
6958	5377	1.0
6958	5378	6.0
10081	5378	228.0
14308	5378	23.0
15067	5378	24.0
17970	5378	1.0
10081	5381	10.0
1206	5382	3.0
10081	5382	1.0
15067	5382	2.0
15434	5382	3.0
14829	5393	1.0
1206	5397	2.0
10081	5397	28.0
1206	5398	1.0
6958	5398	3.0
10081	5398	61.0
15067	5398	1.0
16537	5398	380.0
4813	5400	2.0
5834	5400	1.0
1206	5401	10.0
5834	5401	1.0
10081	5401	2.0
15067	5401	18.0
17970	5412	19.0
11297	5416	32.0
1206	5427	7.0
10081	5427	46.0
11297	5427	3.0
15434	5427	1.0
6958	5428	1.0
11297	5434	59.0
11297	5436	29.0
4813	5452	1.0
6958	5454	2.0
11297	5454	2.0
2622	5455	4.0
6958	5455	33.0
15067	5455	1.0
11297	5459	37.0
2622	5462	40.0
6958	5462	1.0
14829	5463	1.0
5213	5467	2.0
11297	5468	1.0
10879	5470	9.0
11297	5470	21.0
1206	5473	2.0
6958	5473	1.0
10081	5473	2.0
11297	5473	3.0
1206	5481	1.0
3653	5483	3.0
1206	5487	2.0
4813	5491	19.0
11297	5491	2.0
10081	5495	2.0
15067	5495	111.0
15541	5495	3.0
16537	5496	1.0
10081	5497	150.0
14308	5497	21.0
14829	5497	18.0
1206	5498	2.0
4813	5498	5.0
4830	5498	1.0
10081	5498	11.0
14308	5498	2.0
14829	5498	7.0
15434	5503	1.0
1206	5509	21.0
16537	5509	2.0
2622	5511	3.0
6958	5511	3.0
15434	5512	1.0
6958	5513	3.0
2732	5518	12.0
4813	5518	12.0
14308	5518	1.0
14829	5518	126.0
15434	5518	2.0
17970	5518	21.0
5834	5522	1.0
17970	5526	5.0
4813	5527	11.0
11297	5527	1.0
12619	5527	1.0
4813	5528	1.0
15434	5528	9.0
16537	5528	4.0
10081	5540	1.0
15434	5542	1.0
5834	5549	1.0
15434	5549	8.0
17970	5549	11.0
15067	5551	2.0
4813	5555	1.0
12619	5560	7.0
15434	5560	4.0
1206	5564	10.0
2622	5567	30.0
5213	5567	33.0
6958	5567	1.0
10081	5567	9.0
15541	5567	106.0
17970	5570	29.0
1206	5579	5.0
4813	5579	2.0
10081	5579	1.0
10081	5589	15.0
5834	5604	1.0
15434	5607	8.0
15434	5614	2.0
4830	5618	2.0
14308	5618	1.0
15434	5618	9.0
11297	5619	13.0
17970	5623	2.0
17970	5625	8.0
1206	5641	11.0
1206	5644	1.0
4813	5644	44.0
6958	5644	9.0
15434	5644	1.0
16537	5644	1.0
14829	5653	1.0
1206	5656	1.0
14829	5656	8.0
15434	5656	1.0
4813	5663	1.0
2622	5674	1.0
4830	5674	2.0
5213	5674	34.0
6958	5674	165.0
10081	5674	177.0
14829	5674	1.0
15067	5674	47.0
14829	5682	3.0
384	5683	1.0
14308	5683	15.0
5834	5684	90.0
10081	5685	73.0
14308	5685	1.0
10081	5686	485.0
14308	5686	3.0
1206	5690	1.0
11297	5690	2.0
15434	5690	7.0
14829	5691	1.0
5834	5692	1.0
1206	5693	1.0
14829	5693	2.0
15434	5693	2.0
14829	5700	5.0
10081	5705	195.0
15541	5705	1.0
14829	5707	2.0
15434	5707	3.0
14308	5709	21.0
15434	5709	1.0
5069	5710	1.0
12619	5710	1.0
15434	5710	1.0
17970	5710	1.0
384	5711	75.0
1206	5712	1.0
10081	5712	124.0
15434	5712	52.0
2732	5714	19.0
5069	5714	1.0
14829	5714	4.0
1206	5728	7.0
5069	5728	42.0
6958	5728	1.0
10081	5728	31.0
11297	5728	50.0
7687	5734	1.0
17970	5735	1.0
6958	5743	3.0
10081	5743	122.0
15067	5743	549.0
384	5749	10.0
10081	5752	45.0
1206	5754	11.0
10081	5754	61.0
12619	5754	2.0
14308	5754	3.0
15067	5754	8.0
15434	5754	1.0
4813	5758	68.0
11297	5758	3.0
1206	5760	2.0
1206	5762	6.0
10081	5762	106.0
15067	5762	7.0
15434	5765	52.0
4813	5773	1.0
16537	5773	8.0
10081	5775	2.0
15067	5775	918.0
15541	5775	17.0
4813	5776	2.0
12619	5776	2.0
384	5778	1.0
1206	5778	18.0
1206	5781	1.0
4813	5781	2.0
10081	5781	2.0
10879	5781	13.0
14308	5781	72.0
14829	5781	2.0
15434	5781	52.0
6958	5787	41.0
11297	5787	2.0
6958	5789	17.0
10081	5789	59.0
14829	5789	11.0
11297	5794	4.0
11297	5795	1.0
12619	5795	1.0
14829	5795	1.0
4813	5800	7.0
15434	5800	55.0
17970	5800	2.0
2622	5808	1.0
15541	5808	1.0
5834	5809	1.0
11297	5810	2.0
14829	5812	1.0
15434	5814	20.0
14829	5815	2.0
6958	5817	2.0
11297	5817	9.0
14308	5817	4.0
15434	5817	2.0
1206	5818	1.0
10081	5818	18.0
11297	5818	2.0
5834	5819	2.0
2622	5821	1.0
15067	5821	4.0
15541	5821	24.0
4813	5830	1.0
15434	5830	4.0
10081	5831	464.0
15067	5831	296.0
15541	5831	71.0
4813	5832	3.0
5834	5832	5.0
15067	5832	258.0
5213	5837	1.0
1206	5843	1.0
12619	5843	4.0
14308	5843	1.0
1206	5845	21.0
2622	5846	2.0
5213	5846	4.0
5213	5847	28.0
10081	5847	126.0
15541	5849	5.0
5213	5852	6.0
10081	5852	18.0
2622	5853	3.0
5069	5853	26.0
10081	5854	4.0
15067	5855	19.0
15541	5855	1.0
15434	5860	2.0
2622	5864	1.0
5213	5868	13.0
5213	5869	23.0
15541	5872	27.0
10081	5873	13.0
1206	5876	12.0
3653	5876	638.0
11297	5876	17.0
12619	5876	9.0
15067	5876	1.0
15434	5876	51.0
10081	5879	4.0
1206	5880	11.0
1206	5882	13.0
5834	5882	14.0
14829	5882	1.0
10081	5884	6.0
10081	5890	12.0
14308	5890	1.0
15434	5890	5.0
10081	5895	92.0
14829	5895	2.0
384	5896	2.0
4813	5898	5.0
6958	5902	2.0
10081	5902	42.0
10081	5903	339.0
1206	5907	62.0
14829	5907	1.0
15067	5907	34.0
1206	5908	2.0
4830	5908	2.0
6958	5908	3.0
15434	5908	1.0
1206	5909	5.0
4813	5909	7.0
11297	5909	2.0
15067	5909	8.0
16537	5909	1.0
10879	5912	3.0
10081	5914	33.0
4813	5915	7.0
4830	5916	1.0
6958	5916	1.0
10081	5916	54.0
14308	5916	5.0
10081	5917	1.0
4813	5918	8.0
16537	5918	9.0
5834	5919	41.0
10081	5919	2.0
14308	5919	2.0
14829	5919	1.0
15067	5920	1.0
4813	5923	1.0
15434	5923	9.0
1206	5924	11.0
10081	5924	80.0
15434	5924	2.0
10081	5929	10.0
15067	5929	415.0
15541	5929	317.0
1206	5931	2.0
10081	5931	42.0
1206	5932	9.0
10081	5932	34.0
11297	5932	1.0
4813	5934	5.0
10081	5936	13.0
15067	5936	395.0
15541	5936	44.0
4813	5940	28.0
10081	5940	23.0
15067	5942	704.0
11297	5946	3.0
17970	5947	5.0
17970	5948	10.0
4813	5949	202.0
2622	5951	1.0
10081	5951	1.0
10081	5952	2.0
14829	5952	429.0
17970	5952	8.0
5213	5954	53.0
11297	5959	5.0
1206	5960	1.0
4813	5960	5.0
11297	5960	6.0
11297	5967	2.0
15434	5975	24.0
12619	5977	1.0
15434	5977	4.0
2622	5979	1.0
6958	5979	20.0
15067	5979	14.0
15434	5987	1.0
12619	5993	1.0
15434	5993	1.0
10081	5994	10.0
15067	5994	548.0
15541	5994	1.0
384	5995	7.0
15434	5995	1.0
1206	5997	15.0
4813	5997	53.0
4813	5999	1.0
5834	6004	7.0
10081	6004	61.0
14829	6008	2.0
4813	6011	1.0
12619	6011	1.0
17970	6011	6.0
15434	6012	2.0
6958	6015	5.0
15434	6015	5.0
14829	6018	1.0
7687	6019	2.0
10081	6019	106.0
14829	6019	1.0
15434	6019	1.0
16537	6019	43.0
15434	6020	1.0
1206	6022	3.0
1206	6023	85.0
12619	6023	1.0
14308	6023	3.0
15434	6024	12.0
5213	6038	133.0
6958	6038	9.0
10081	6038	41.0
17970	6039	4.0
5213	6041	2.0
10081	6041	12.0
15434	6041	27.0
10081	6042	14.0
15067	6042	550.0
15541	6042	346.0
15434	6043	41.0
1206	6044	2.0
4813	6044	35.0
15434	6066	1.0
1206	6068	1.0
1206	6077	1.0
6958	6078	1.0
1206	6079	26.0
5213	6079	4.0
10081	6079	8.0
17970	6079	8.0
10081	6087	1.0
17970	6088	20.0
15434	6094	1.0
17970	6094	1.0
15067	6103	3.0
1206	6120	2.0
1206	6129	4.0
1206	6153	7.0
10081	6153	1.0
15067	6153	2.0
2622	6156	4.0
11297	6156	1.0
10081	6157	42.0
11297	6157	1.0
12619	6157	1.0
14308	6157	1.0
14829	6157	1.0
15434	6161	1.0
11297	6162	2.0
1206	6165	1.0
384	6166	1.0
384	6167	3.0
5834	6167	1.0
14308	6167	1.0
15434	6167	5.0
384	6169	3.0
14308	6169	1.0
15434	6172	40.0
17970	6172	1.0
15434	6185	361.0
17970	6185	1.0
5069	6186	2.0
14308	6186	1.0
1206	6211	31.0
11297	6211	4.0
14829	6211	2.0
1206	6222	2.0
17970	6232	1.0
1206	6249	1.0
1206	6255	1.0
2622	6259	403.0
6958	6259	27.0
11297	6259	1.0
5213	6260	9.0
10081	6260	108.0
15067	6260	381.0
1206	6262	1.0
10081	6262	2.0
17970	6264	2.0
1206	6269	1.0
10081	6273	1.0
1206	6278	2.0
11297	6281	4.0
1206	6287	4.0
2622	6287	2.0
6958	6287	2.0
1206	6297	1.0
10081	6307	574.0
14829	6307	2.0
15067	6314	8.0
10081	6317	69.0
14308	6317	9.0
14829	6317	6.0
5213	6320	7.0
384	6327	1.0
10081	6333	1.0
10081	6335	1.0
15434	6335	2.0
6958	6336	43.0
10081	6336	6.0
6958	6337	4.0
2622	6343	1.0
4830	6343	1.0
6958	6343	1.0
6958	6346	14.0
384	6347	75.0
14308	6347	1.0
15434	6347	3.0
15067	6349	15.0
1206	6352	5.0
15541	6354	1.0
1206	6366	1.0
15067	6366	9.0
1206	6372	14.0
10081	6376	3.0
4813	6384	1.0
15067	6386	377.0
15541	6386	390.0
2622	6389	6.0
6958	6389	18.0
10081	6389	33.0
11297	6389	2.0
14308	6389	3.0
14829	6389	3.0
16537	6389	161.0
10081	6397	2.0
5834	6410	1.0
15067	6412	2.0
15067	6413	1.0
2622	6417	47.0
5069	6417	28.0
2622	6422	1.0
1206	6423	93.0
15434	6423	1.0
4813	6426	236.0
6958	6426	3.0
15434	6430	2.0
5834	6431	1.0
15067	6431	16.0
14829	6432	1.0
16537	6432	47.0
1206	6437	1.0
5834	6441	3.0
2622	6456	25.0
10081	6456	1.0
384	6461	49.0
1206	6469	4.0
3653	6469	110.0
10081	6469	76.0
11297	6469	73.0
15434	6469	5.0
4813	6471	1.0
1206	6472	2.0
4813	6472	6.0
17970	6490	1.0
5834	6497	1.0
11297	6500	1.0
2622	6504	341.0
6958	6504	4.0
11297	6507	2.0
11297	6510	1.0
12619	6510	2.0
14308	6511	1.0
10081	6517	8.0
14308	6517	1.0
17970	6517	1.0
14829	6524	1.0
14829	6551	2.0
15434	6551	4.0
15434	6558	2.0
4813	6559	39.0
5834	6571	2.0
17970	6571	1.0
10081	6572	1.0
15067	6572	70.0
15541	6572	3.0
1206	6574	1.0
15434	6577	4.0
6958	6583	7.0
1206	6584	6.0
15434	6584	1.0
10081	6585	52.0
1206	6586	18.0
7687	6586	2.0
14308	6586	1.0
15434	6586	7.0
1206	6587	1.0
5834	6587	42.0
12619	6587	33.0
14308	6587	6.0
15067	6587	4.0
5213	6592	61.0
10081	6592	38.0
4813	6593	1.0
15067	6595	546.0
5213	6596	2.0
15067	6597	67.0
15541	6597	1.0
5213	6599	37.0
5213	6600	41.0
10081	6600	10.0
15067	6600	32.0
5069	6602	145.0
15067	6603	7.0
10081	6604	25.0
15541	6605	36.0
1206	6606	1.0
4813	6606	2.0
10081	6608	9.0
15067	6613	71.0
6958	6653	2.0
1206	6656	68.0
1206	6661	3.0
1206	6675	3.0
5213	6681	1.0
11297	6681	1.0
10081	6687	216.0
14829	6687	12.0
10081	6688	89.0
15434	6697	1.0
17970	6698	1.0
4813	6699	1.0
15434	6705	3.0
4813	6714	1.0
17970	6714	3.0
1206	6716	1.0
5213	6716	1.0
10081	6716	1.0
1206	6718	13.0
15434	6719	1.0
11297	6723	3.0
1206	6725	1.0
1206	6726	1.0
11297	6726	3.0
17970	6726	36.0
15434	6732	2.0
1206	6742	5.0
5834	6742	6.0
1206	6743	1.0
14308	6745	8.0
1206	6747	4.0
10081	6747	30.0
1206	6748	1.0
6958	6748	1.0
11297	6748	1.0
11297	6750	3.0
1206	6753	1.0
1206	6758	2.0
4813	6758	1.0
11297	6758	2.0
1206	6759	4.0
1206	6793	3.0
10081	6793	76.0
11297	6795	1.0
6958	6798	1.0
1206	6799	27.0
4813	6799	1.0
10081	6799	57.0
17970	6799	14.0
4813	6800	11.0
1206	6802	3.0
10081	6802	11.0
6958	6805	1.0
6958	6806	10.0
15434	6816	10.0
2732	6822	1.0
5213	6822	18.0
10081	6822	2.0
2732	6836	1.0
5213	6836	2.0
1206	6837	2.0
1206	6841	1.0
2622	6841	111.0
11297	6841	7.0
14308	6841	3.0
14829	6841	1.0
4813	6842	4.0
15434	6842	1.0
10081	6843	1.0
14829	6843	1.0
2732	6845	1.0
15434	6857	1.0
2622	6867	26.0
5213	6867	30.0
5213	6876	4.0
14829	6876	1.0
5213	6884	178.0
10081	6884	295.0
5213	6887	2.0
14829	6888	1.0
16537	6888	9.0
4830	6889	2.0
5213	6889	19.0
5834	6930	1.0
14308	6930	2.0
15434	6930	1.0
10081	6943	2.0
15541	6943	3.0
2622	6944	64.0
5069	6944	4.0
14829	6945	1.0
10081	6951	3.0
10081	6952	23.0
15541	6954	2.0
14829	6955	1.0
10081	6959	60.0
14829	6959	1.0
10081	6961	90.0
14829	6961	2.0
15434	6961	3.0
16537	6961	8.0
4813	6965	1.0
5834	6981	1.0
14829	6987	2.0
15541	6991	1.0
10081	6994	40.0
2732	6998	1.0
14829	6998	1.0
10081	7013	1.0
14829	7013	1.0
16537	7013	8.0
1206	7016	2.0
10081	7016	13.0
12619	7016	2.0
14308	7016	15.0
1206	7019	2.0
10081	7020	30.0
15067	7023	14.0
5069	7035	155.0
1206	7036	2.0
2732	7036	1.0
4830	7036	1.0
7687	7036	1.0
10081	7036	113.0
5213	7037	2.0
10081	7037	7.0
15067	7037	139.0
1206	7039	9.0
10081	7039	27.0
2732	7040	1.0
10081	7040	463.0
14308	7040	1.0
1206	7041	1.0
16537	7042	19.0
10081	7043	98.0
4830	7044	1.0
16537	7044	15.0
10081	7046	101.0
10081	7047	183.0
11297	7047	1.0
16537	7047	1.0
10081	7048	41.0
14829	7048	2.0
3653	7053	147.0
5213	7053	28.0
10081	7053	67.0
10081	7059	218.0
15434	7059	1.0
16537	7059	1.0
15541	7081	1.0
5069	7085	42.0
5213	7086	17.0
15541	7090	3.0
15541	7091	1.0
15541	7092	3.0
15541	7095	2.0
15434	7105	8.0
2622	7109	3.0
6958	7109	4.0
15067	7109	5.0
15434	7117	7.0
15067	7118	7.0
14829	7131	2.0
15434	7136	2.0
15434	7137	18.0
15434	7139	1.0
2622	7141	2.0
5213	7144	77.0
6958	7144	1.0
4813	7149	12.0
2622	7151	2.0
6958	7153	2.0
6958	7165	101.0
10081	7168	6.0
1206	7176	2.0
11297	7176	2.0
15434	7176	6.0
5213	7182	2.0
10081	7182	2.0
6958	7196	1.0
10081	7201	9.0
15067	7201	52.0
1206	7230	2.0
10081	7232	2.0
14308	7232	7.0
15067	7259	2.0
6958	7276	2.0
11297	7283	6.0
7687	7316	24.0
5834	7328	1.0
14308	7328	1.0
11297	7334	3.0
6958	7339	1.0
6958	7341	5.0
3653	7347	1.0
1206	7348	46.0
15067	7348	3.0
15434	7348	25.0
16537	7348	2.0
17970	7356	3.0
15067	7357	7.0
17970	7364	10.0
3653	7367	34.0
2622	7374	1.0
3653	7381	1.0
15067	7384	27.0
2622	7387	87.0
6958	7388	1.0
1206	7394	110.0
5213	7394	51.0
10081	7394	92.0
14829	7394	45.0
15434	7394	268.0
17970	7394	6.0
3653	7399	76.0
6958	7399	45.0
2622	7403	25.0
15067	7403	4.0
6958	7405	2.0
11297	7405	22.0
2622	7406	1.0
5213	7406	24.0
3653	7409	3.0
4830	7414	1.0
15434	7414	2.0
6958	7421	25.0
1206	7427	3.0
10081	7427	2.0
12619	7427	36.0
14829	7427	18.0
15434	7427	2.0
6958	7429	9.0
14829	7429	1.0
4813	7431	1.0
5213	7431	1.0
1206	7432	3.0
4813	7432	2.0
14829	7432	3.0
5213	7433	1.0
15434	7433	1.0
5213	7436	2.0
1206	7442	2.0
4813	7442	5.0
10081	7442	24.0
17970	7442	93.0
1206	7444	68.0
4813	7444	137.0
16537	7446	1.0
1206	7455	1.0
1206	7456	1.0
5213	7459	12.0
6958	7468	2.0
6958	7473	1.0
6958	7474	4.0
10081	7475	7.0
2622	7476	52.0
6958	7477	2.0
2622	7478	24.0
10081	7478	1.0
3653	7479	122.0
6958	7479	109.0
3653	7480	57.0
5213	7480	55.0
5213	7482	60.0
15434	7486	95.0
17970	7486	19.0
10081	7490	3.0
5213	7492	1.0
15067	7492	3.0
15541	7493	1.0
3653	7495	1455.0
5213	7495	76.0
6958	7495	158.0
10081	7495	15.0
5213	7496	1.0
15434	7497	1.0
15067	7498	405.0
15541	7498	2.0
15067	7499	218.0
15541	7499	56.0
6958	7501	2.0
11297	7501	2.0
15434	7510	3.0
15434	7512	197.0
4813	7513	1.0
6958	7513	5.0
10081	7513	20.0
14308	7513	3.0
14829	7513	1.0
15434	7513	41.0
2622	7516	1.0
2622	7517	3.0
15067	7517	3.0
2622	7518	2.0
6958	7518	2.0
2622	7520	1.0
2622	7522	25.0
6958	7522	3.0
2622	7523	59.0
6958	7523	14.0
14829	7525	2.0
14829	7528	1.0
1206	7529	1.0
11297	7529	8.0
1206	7532	1.0
11297	7532	3.0
1206	7533	1.0
4813	7535	2.0
11297	7551	5.0
2622	7567	1.0
15067	7590	3.0
5069	7592	13.0
5213	7593	96.0
2622	7599	1.0
1206	7602	1.0
17970	7602	1.0
3653	7605	67.0
5213	7605	51.0
6958	7605	3.0
10081	7605	35.0
15067	7608	136.0
3653	7616	362.0
15067	7619	7.0
10081	7648	18.0
12619	7652	3.0
15434	7652	5.0
17970	7652	21.0
10081	7654	101.0
5213	7656	2.0
10081	7657	73.0
15434	7662	1.0
1206	7666	4.0
5069	7677	49.0
5213	7677	1.0
1206	7694	1.0
10081	7727	8.0
6958	7754	3.0
1206	7755	1.0
11297	7755	2.0
4813	7756	40.0
10081	7756	6.0
17970	7756	7.0
4813	7757	4.0
15067	7757	3.0
15541	7762	2.0
6958	7783	23.0
10081	7783	1392.0
2622	7787	2.0
1206	7809	3.0
15541	7824	4.0
15067	7827	29.0
15541	7827	68.0
10081	7835	1.0
15067	7838	2.0
10081	7840	69.0
10081	7841	14.0
14829	7841	1.0
1206	7883	1.0
2622	7883	1.0
14308	7883	2.0
17970	7883	22.0
10081	7899	5.0
15067	7899	19.0
10081	7902	1.0
15067	7905	99.0
6958	7906	5.0
5213	7907	1.0
6958	7907	2.0
10081	7907	1.0
15067	7907	1349.0
15067	7911	244.0
5213	7913	1.0
5213	7915	1.0
5213	7951	2.0
6958	7951	5.0
15067	7951	194.0
1206	7958	1.0
10081	7960	3.0
14829	7962	18.0
5213	7964	6.0
14829	7969	139.0
17970	7969	15.0
1206	7970	1.0
15067	7975	11.0
15067	7976	6.0
15541	7976	1.0
1206	8036	3.0
6958	8037	2.0
4813	8038	144.0
6958	8042	1.0
14308	8042	2.0
11297	8044	1.0
2622	8051	1.0
6958	8051	34.0
2622	8052	1.0
6958	8052	7.0
14829	8056	1.0
15067	8060	2.0
5213	8064	51.0
15067	8074	8.0
15067	8083	41.0
3653	8085	1.0
2622	8091	1.0
5213	8102	1.0
6958	8102	19.0
10081	8102	1.0
15067	8102	84.0
15541	8104	77.0
5213	8115	134.0
10081	8115	135.0
5069	8117	8.0
5213	8117	10.0
15067	8117	14.0
15541	8139	1.0
2622	8148	30.0
10081	8148	4.0
10081	8150	16.0
4813	8169	1.0
6958	8173	1.0
2622	8175	1.0
6958	8175	14.0
17970	8175	1.0
6958	8177	1.0
6958	8181	2.0
5213	8183	26.0
10081	8183	53.0
15541	8213	2.0
3653	8242	22.0
6958	8242	4.0
15067	8242	6.0
15541	8242	2.0
5213	8247	7.0
10081	8247	1.0
15067	8247	41.0
10081	8249	22.0
6958	8251	130.0
15067	8251	9.0
6958	8252	11.0
15541	8256	40.0
6958	8263	1.0
10879	8263	200.0
14308	8263	2.0
15067	8263	24.0
15434	8263	1.0
5069	8289	238.0
2622	8291	3.0
15541	8291	7.0
15541	8295	1.0
10081	8297	95.0
15541	8306	3.0
4813	8310	1.0
6958	8310	2.0
7687	8310	77.0
15434	8310	4.0
16537	8310	15.0
1206	8314	1.0
15067	8315	30.0
15541	8315	1.0
1206	8316	5.0
6958	8316	56.0
14829	8316	3.0
16537	8316	1.0
5069	8317	7.0
6958	8317	29.0
1206	8318	1.0
2622	8318	61.0
6958	8318	18.0
15067	8318	557.0
15541	8318	1.0
15067	8319	4.0
15541	8329	6.0
10081	8332	7.0
15067	8333	30.0
17970	8333	9.0
6958	8334	1.0
10081	8334	9.0
15067	8334	35.0
15541	8334	12.0
5213	8335	115.0
6958	8335	1.0
15067	8338	531.0
15541	8338	314.0
5213	8341	10.0
10081	8341	8.0
10081	8343	7.0
15067	8343	2.0
15067	8344	73.0
15067	8345	8.0
10081	8346	7.0
15067	8346	88.0
15541	8346	119.0
2622	8347	43.0
6958	8347	11.0
14308	8347	1.0
15067	8347	64.0
15541	8347	162.0
15067	8349	268.0
15541	8349	1.0
15067	8350	279.0
15067	8352	47.0
10081	8355	12.0
15067	8358	1.0
15541	8358	41.0
15541	8359	141.0
5213	8360	79.0
10081	8360	7.0
15067	8360	7.0
15541	8360	10.0
15541	8361	1.0
15434	8362	1.0
15067	8365	1.0
4830	8367	1.0
10081	8367	7.0
14829	8367	1.0
15541	8369	44.0
15541	8370	549.0
15541	8375	1.0
15541	8377	3.0
14308	8379	1.0
6958	8382	1.0
14829	8385	1.0
17970	8385	1.0
10081	8389	257.0
15541	8389	1.0
5213	8390	38.0
10081	8392	22.0
15541	8392	2.0
5213	8394	2.0
15541	8396	142.0
6958	8398	1.0
15067	8398	49.0
15067	8404	426.0
15067	8405	28.0
15067	8410	3.0
10081	8412	41.0
5069	8420	1.0
5213	8420	5.0
10081	8420	7.0
15067	8420	341.0
15541	8420	1.0
6958	8428	6.0
11297	8428	2.0
5213	8429	66.0
10081	8429	171.0
15541	8432	1.0
15541	8433	2.0
2622	8435	31.0
15067	8436	2.0
15067	8441	26.0
15541	8441	1.0
15541	8443	3.0
5834	8445	2.0
10081	8447	12.0
15541	8447	1.0
15067	8449	93.0
15541	8449	424.0
5213	8455	157.0
10081	8455	12.0
4813	8461	1.0
1206	8466	9.0
10081	8466	1.0
11297	8466	5.0
11297	8467	4.0
15067	8470	171.0
6958	8474	1.0
15067	8474	15.0
5213	8478	7.0
15541	8479	2.0
10081	8481	11.0
2622	8482	56.0
5213	8482	16.0
1206	8487	7.0
5213	8487	7.0
5069	8488	30.0
15067	8490	12.0
15541	8490	4.0
5069	8494	379.0
15067	8500	18.0
15434	8501	1.0
5213	8509	39.0
10081	8509	50.0
5213	8512	8.0
15541	8514	1.0
15067	8515	4.0
15541	8520	10.0
10081	8522	1.0
15541	8522	4.0
5834	8536	6.0
2622	8543	1.0
5069	8543	14.0
5069	8544	4.0
5213	8547	24.0
15067	8548	9.0
15541	8548	1.0
15541	8560	2.0
15434	8561	1.0
4813	8563	4.0
15434	8563	35.0
15067	8564	1.0
10081	8568	1.0
15541	8570	2.0
10081	8572	1.0
10081	8573	24.0
15067	8573	5.0
5213	8577	39.0
5213	8587	31.0
10081	8587	45.0
15067	8587	39.0
15541	8587	1.0
10081	8588	58.0
15541	8589	3.0
15541	8591	373.0
6958	8592	4.0
15067	8594	9.0
10081	8609	24.0
15541	8616	1.0
15541	8620	1.0
15541	8621	3.0
15067	8622	85.0
15541	8622	1.0
10081	8624	5.0
15067	8629	20.0
11297	8633	3.0
14829	8633	1.0
5213	8634	251.0
14829	8634	18.0
10081	8638	76.0
15067	8638	81.0
15541	8638	5.0
6958	8652	1.0
2622	8654	48.0
5213	8654	2.0
15067	8655	107.0
15541	8656	1.0
10081	8669	6.0
14308	8669	8.0
10081	8671	1.0
15067	8686	139.0
15541	8686	3.0
5213	8694	16.0
15067	8694	68.0
1206	8697	3.0
10081	8704	1.0
14308	8704	1.0
11297	8709	1.0
15541	8710	3.0
15067	8714	78.0
15541	8714	1.0
15434	8716	1.0
15541	8737	5.0
5213	8747	40.0
5213	8749	24.0
1206	8750	2.0
1206	8757	2.0
4813	8758	1.0
6958	8758	1.0
14829	8758	2.0
15434	8761	11.0
1206	8764	12.0
14308	8765	4.0
12619	8766	2.0
14829	8766	5.0
1206	8767	8.0
15434	8767	26.0
1206	8768	4.0
10081	8768	1.0
14829	8768	4.0
15434	8768	1.0
5213	8769	56.0
11297	8773	5.0
1206	8774	3.0
4813	8774	3.0
16537	8774	11.0
7687	8775	27.0
14829	8775	1.0
1206	8778	20.0
4813	8778	5.0
4830	8778	1.0
16537	8778	101.0
7687	8779	9.0
16537	8779	19.0
1206	8780	12.0
4830	8780	1.0
15434	8780	25.0
17970	8780	3.0
4813	8784	7.0
4830	8784	1.0
7687	8784	1.0
6958	8787	1.0
14829	8787	7.0
15434	8787	4.0
1206	8788	1.0
14308	8788	1.0
14829	8788	1.0
16537	8788	7.0
1206	8789	18.0
14308	8793	8.0
10081	8794	57.0
14829	8795	1.0
16537	8795	6.0
4813	8797	157.0
4830	8797	1.0
6958	8797	4.0
15434	8797	2.0
1206	8798	3.0
4830	8799	2.0
15434	8808	3.0
12619	8812	2.0
14829	8812	1.0
1206	8813	7.0
10081	8819	2.0
15434	8819	1.0
10081	8820	1.0
14829	8821	1.0
5069	8836	2.0
10081	8836	344.0
11297	8836	8.0
10879	8837	5.0
10081	8840	108.0
15067	8840	320.0
15541	8840	21.0
6958	8841	2.0
14829	8841	1.0
15434	8841	3.0
14829	8857	4.0
1206	8860	3.0
4830	8860	2.0
6958	8860	1.0
16537	8860	2.0
10081	8864	29.0
14829	8866	2.0
1206	8868	1.0
3653	8868	402.0
6958	8868	3.0
14308	8871	2.0
1206	8876	3.0
4830	8876	1.0
11297	8876	4.0
15067	8876	3.0
15067	8880	466.0
1206	8881	2.0
4813	8881	1.0
10081	8881	14.0
12619	8881	1.0
15067	8881	1.0
10081	8882	16.0
7687	8887	13.0
16537	8887	108.0
1206	8888	20.0
4830	8908	1.0
16537	8908	2.0
2732	8909	1.0
15434	8914	1.0
10081	8918	38.0
6958	8919	6.0
14829	8919	1.0
6958	8920	1.0
14829	8923	1.0
14829	8930	1.0
5213	8935	2.0
7687	8935	1.0
15434	8935	5.0
16537	8935	109.0
14829	8938	1.0
15434	8938	7.0
15434	8939	8.0
14829	8940	35.0
16537	8941	756.0
6958	8947	2.0
14829	8947	2.0
15434	8947	1.0
15067	8951	172.0
15541	8951	1.0
5069	8964	5.0
11297	8969	1.0
16537	8969	2.0
15541	8970	1.0
14829	8978	2.0
15434	8984	1.0
4813	8995	5.0
11297	8995	8.0
15434	8995	2.0
10081	9004	17.0
16537	9007	3.0
4830	9008	1.0
6958	9010	6.0
14829	9010	1.0
15067	9015	1.0
1206	9016	1.0
5069	9016	1.0
10081	9016	104.0
1206	9019	1.0
5213	9026	1.0
6958	9026	2.0
10081	9026	1.0
4813	9032	1.0
4830	9032	1.0
7687	9032	1.0
10081	9034	6.0
1206	9035	29.0
10081	9035	18.0
15067	9035	25.0
6958	9039	1.0
10081	9045	2.0
1206	9048	1.0
1206	9051	3.0
14308	9051	1.0
1206	9052	1.0
14829	9052	1.0
14308	9053	1.0
1206	9054	10.0
2622	9054	1.0
10081	9054	6.0
11297	9057	4.0
10081	9058	23.0
5834	9069	7.0
1206	9071	2.0
11297	9071	1.0
10081	9074	12.0
11297	9089	4.0
15434	9089	1.0
16537	9091	3.0
14829	9095	1.0
15434	9096	1.0
1206	9100	2.0
4813	9101	1.0
4830	9101	1.0
1206	9104	9.0
16537	9104	9.0
5834	9107	1.0
6958	9109	1.0
15067	9112	23.0
15541	9112	104.0
11297	9114	1.0
15434	9122	12.0
4830	9126	1.0
15434	9127	2.0
10081	9134	95.0
10081	9138	5.0
5069	9144	1.0
10081	9144	58.0
6958	9146	11.0
15434	9146	1.0
10081	9147	23.0
15067	9147	358.0
15541	9147	760.0
2622	9152	1.0
5213	9152	1.0
15067	9152	56.0
15541	9152	4.0
5069	9166	366.0
11297	9168	2.0
1206	9172	1.0
12619	9172	2.0
14829	9178	1.0
7687	9179	63.0
12619	9179	6.0
14829	9179	17.0
15434	9179	1.0
16537	9179	14.0
15434	9180	2.0
1206	9182	1.0
1206	9183	2.0
14308	9183	1.0
15434	9183	1.0
17970	9183	32.0
17970	9184	1.0
15434	9192	1.0
6958	9195	2.0
1206	9196	3.0
11297	9196	1.0
15067	9196	1.0
1206	9213	2.0
5834	9213	1.0
15067	9213	4.0
1206	9215	2.0
7687	9215	3.0
16537	9215	43.0
10081	9217	3.0
10081	9219	26.0
15067	9219	36.0
15541	9219	92.0
1206	9221	9.0
5069	9223	221.0
11297	9237	1.0
15434	9239	4.0
1206	9244	14.0
4830	9244	2.0
15434	9247	1.0
5213	9248	28.0
15067	9248	184.0
12619	9253	4.0
14829	9261	2.0
10081	9262	2.0
15067	9262	9.0
15541	9262	1.0
4830	9263	3.0
10081	9263	1.0
14829	9263	1.0
3653	9265	300.0
10081	9265	16.0
15067	9265	229.0
15541	9265	39.0
4830	9270	2.0
14829	9270	2.0
15067	9271	33.0
4830	9280	2.0
2622	9281	47.0
5069	9281	26.0
5213	9282	20.0
10081	9282	50.0
14308	9293	55.0
384	9295	1.0
14829	9296	2.0
15434	9296	5.0
16537	9296	16.0
14308	9297	1.0
10879	9303	2.0
15434	9303	58.0
12619	9312	23.0
384	9321	7.0
1206	9321	1.0
14308	9321	36.0
14829	9321	1.0
15434	9321	3.0
17970	9321	12.0
15434	9326	12.0
14829	9328	20.0
14308	9336	1.0
17970	9336	15.0
1206	9338	17.0
15434	9338	39.0
5069	9339	13.0
14829	9339	1.0
14829	9341	2.0
15434	9341	4.0
17970	9341	11.0
10081	9342	14.0
14829	9342	1.0
1206	9346	1.0
15434	9346	510.0
17970	9346	28.0
14829	9350	1.0
15434	9350	37.0
15434	9353	4.0
17970	9353	5.0
5213	9360	12.0
15434	9360	4.0
16537	9360	1.0
17970	9362	34.0
14308	9364	1.0
15434	9364	42.0
17970	9364	12.0
5834	9378	12.0
4813	9383	4.0
14829	9385	1.0
4813	9388	2.0
7687	9392	2.0
1206	9400	1.0
7687	9400	2.0
14829	9400	1.0
15434	9400	6.0
4830	9403	1.0
14308	9403	40.0
15434	9404	11.0
384	9408	47.0
10081	9412	2.0
14829	9412	1.0
15434	9412	3.0
384	9422	2.0
12619	9422	7.0
15434	9424	5.0
12619	9430	4.0
1206	9432	7.0
384	9436	1.0
14308	9442	3.0
14829	9443	60.0
15434	9443	2.0
14308	9458	2.0
7687	9463	1.0
15434	9465	1.0
4813	9466	8.0
10081	9466	7.0
12619	9466	31.0
17970	9466	23.0
10081	9468	19.0
15434	9468	2.0
17970	9468	1.0
7687	9477	1.0
6958	9479	4.0
15067	9494	3.0
10081	9502	15.0
14829	9505	1.0
15434	9515	4.0
14829	9523	4.0
14829	9525	1.0
10081	9526	33.0
14829	9526	3.0
15434	9526	5.0
15434	9528	2.0
15434	9529	24.0
15434	9531	90.0
4813	9532	6.0
384	9537	57.0
10081	9537	74.0
5834	9543	98.0
12619	9543	8.0
14308	9543	3.0
15434	9543	20.0
15434	9547	2.0
384	9549	5.0
14308	9549	4.0
15434	9549	5.0
17970	9549	1.0
10081	9552	1.0
1206	9553	3.0
14829	9558	2.0
15434	9558	10.0
14829	9559	1.0
15434	9564	1.0
14308	9566	8.0
14829	9566	1.0
15434	9567	58.0
1206	9570	2.0
11297	9570	1.0
15434	9570	1.0
10081	9574	2.0
5834	9577	4.0
15434	9577	1.0
7687	9580	1.0
15434	9580	5.0
14829	9583	1.0
10081	9586	1.0
15434	9586	1.0
1206	9589	96.0
17970	9589	13.0
384	9590	2.0
14829	9593	3.0
15434	9593	9.0
16537	9593	7.0
6958	9600	35.0
10081	9600	2.0
15067	9602	2.0
1206	9603	4.0
10081	9603	42.0
16537	9603	20.0
14829	9604	12.0
15434	9604	6.0
1206	9608	1.0
6958	9618	16.0
14829	9618	2.0
10081	9627	17.0
15434	9627	47.0
15434	9630	1.0
384	9632	38.0
14308	9632	1.0
384	9633	1.0
14308	9633	21.0
7687	9634	15.0
16537	9634	11.0
10081	9636	7.0
15434	9646	4.0
15434	9647	2.0
15434	9648	1.0
15434	9649	1.0
15434	9652	2.0
14308	9655	3.0
15434	9655	6.0
4813	9658	2.0
5213	9658	10.0
10081	9658	332.0
15434	9667	4.0
14829	9670	1.0
15434	9670	25.0
1206	9672	1.0
10081	9676	59.0
17970	9676	17.0
15434	9679	2.0
15434	9683	20.0
10081	9687	95.0
14829	9687	1.0
10081	9690	1.0
6958	9694	185.0
7687	9694	1.0
10081	9694	42.0
1206	9695	12.0
10081	9695	11.0
10081	9696	47.0
1206	9707	10.0
6958	9712	2.0
11297	9712	2.0
12619	9715	46.0
11297	9723	5.0
5069	9732	210.0
14829	9746	1.0
7687	9747	2.0
14308	9747	1.0
16537	9747	3.0
10081	9751	158.0
15434	9751	7.0
1206	9752	9.0
16537	9752	182.0
10081	9753	1.0
15434	9757	2.0
15434	9758	2.0
10081	9760	12.0
10081	9764	17.0
5069	9766	7.0
15434	9768	218.0
5069	9770	34.0
5834	9773	228.0
10081	9773	64.0
5834	9799	1.0
10081	9799	49.0
10081	9803	17.0
15434	9805	1.0
17970	9805	36.0
10081	9806	185.0
15067	9806	1.0
10081	9812	1.0
11297	9816	5.0
5834	9824	3.0
10879	9824	1.0
12619	9824	1.0
14308	9824	22.0
15434	9824	2.0
17970	9824	3.0
15067	9825	36.0
10081	9843	31.0
10081	9846	24.0
15067	9851	3.0
10081	9852	33.0
1206	9861	1.0
15067	9861	251.0
5213	9867	8.0
10081	9867	75.0
14308	9875	1.0
15067	9876	36.0
4813	9883	1.0
6958	9883	16.0
1206	9885	1.0
10081	9885	9.0
1206	9886	1.0
10081	9886	192.0
15067	9886	1.0
15434	9886	3.0
15067	9887	34.0
5213	9888	1.0
15067	9888	5.0
10081	9890	55.0
14829	9890	15.0
15434	9890	3.0
5069	9892	174.0
10081	9893	13.0
10081	9895	48.0
14308	9902	1.0
1206	9903	1.0
4813	9903	20.0
16537	9903	220.0
14829	9909	1.0
384	9910	9.0
384	9913	6.0
384	9914	18.0
384	9915	7.0
384	9917	235.0
384	9918	29.0
384	9919	39.0
384	9923	24.0
384	9928	223.0
14308	9928	7.0
5834	9929	1.0
14308	9930	2.0
384	9932	17.0
384	9933	3.0
14308	9933	1.0
384	9935	12.0
384	9936	69.0
14308	9937	1.0
384	9938	41.0
384	9939	22.0
384	9942	37.0
5834	9943	1.0
10081	9943	2.0
14308	9943	28.0
10081	9945	3.0
14308	9948	5.0
17970	9951	6.0
384	9952	16.0
14308	9952	1.0
384	9953	9.0
384	9955	18.0
384	9956	34.0
384	9957	7.0
384	9958	8.0
384	9959	3.0
384	9962	155.0
384	9963	52.0
384	9966	25.0
384	9969	10.0
14829	9971	1.0
10081	9973	15.0
14308	9973	8.0
15067	9973	9.0
384	9974	12.0
384	9975	2.0
384	9977	4.0
4813	9980	8.0
384	9981	2.0
384	9982	7.0
384	9986	6.0
384	9990	127.0
10081	9991	1.0
384	9993	8.0
12619	9994	3.0
384	9995	16.0
384	9998	4.0
4813	10000	49.0
6958	10000	11.0
10081	10000	73.0
10081	10002	10.0
5069	10004	1.0
384	10005	5.0
384	10006	1.0
384	10007	8.0
6958	10011	3.0
11297	10018	1.0
1206	10019	10.0
15067	10022	173.0
384	10023	156.0
384	10024	4.0
384	10026	8.0
384	10027	5.0
384	10029	4.0
15541	10030	3.0
384	10031	1.0
10081	10042	43.0
14308	10043	1.0
15434	10049	4.0
1206	10053	2.0
10081	10053	1.0
14308	10053	1.0
15434	10057	3.0
10081	10058	24.0
10081	10060	1.0
14308	10063	2.0
10081	10065	32.0
384	10066	24.0
14308	10067	3.0
2622	10069	1.0
384	10073	2.0
14308	10073	1.0
17970	10073	1.0
14308	10075	1.0
384	10076	1.0
2732	10080	1.0
16537	10080	3.0
5834	10084	1.0
14308	10085	1.0
384	10086	4.0
14308	10086	1.0
384	10088	5.0
10081	10088	1.0
384	10091	6.0
14308	10091	2.0
5834	10092	5.0
14308	10092	10.0
15434	10092	5.0
14308	10097	2.0
15434	10097	41.0
10081	10099	11.0
10081	10100	24.0
10081	10103	1.0
14308	10105	1.0
14308	10106	1.0
14308	10110	9.0
384	10112	2.0
14308	10112	15.0
384	10113	22.0
10081	10113	1.0
14308	10115	2.0
10081	10116	199.0
14308	10117	14.0
10081	10120	12.0
17970	10120	1.0
15434	10125	11.0
10081	10135	10.0
14829	10147	1.0
15434	10148	2.0
1206	10151	1.0
10081	10153	124.0
14308	10153	17.0
14829	10153	1.0
10081	10154	7.0
15434	10154	3.0
10081	10156	22.0
384	10157	12.0
10081	10161	149.0
6958	10166	3.0
15067	10166	10.0
5834	10169	12.0
10081	10169	5.0
14308	10169	330.0
14308	10171	23.0
7687	10172	1.0
10081	10172	21.0
11297	10173	3.0
1206	10181	17.0
10081	10183	16.0
14308	10187	1.0
14308	10188	1.0
384	10191	10.0
5213	10193	2.0
10081	10193	12.0
15067	10193	614.0
15541	10193	22.0
1206	10196	1.0
15434	10196	13.0
17970	10196	9.0
10081	10198	29.0
1206	10200	5.0
10081	10200	25.0
15067	10200	189.0
15067	10201	8.0
10081	10206	7.0
17970	10206	47.0
384	10207	10.0
10081	10209	74.0
15067	10210	80.0
5213	10211	3.0
10081	10211	5.0
15067	10211	562.0
15541	10211	218.0
14308	10218	5.0
10081	10222	20.0
5213	10227	49.0
10081	10227	3.0
14829	10230	3.0
10081	10231	48.0
15067	10231	53.0
5834	10232	31.0
14308	10232	91.0
5213	10236	6.0
10081	10236	9.0
10081	10238	1.0
384	10240	11.0
384	10241	4.0
16537	10244	7.0
1206	10248	1.0
5213	10248	3.0
15541	10249	1.0
5213	10269	1.0
10081	10269	107.0
15067	10269	34.0
10081	10275	13.0
17970	10275	39.0
4830	10282	1.0
6958	10283	3.0
15434	10283	11.0
5213	10284	20.0
15541	10288	50.0
384	10291	2.0
384	10298	12.0
10081	10298	14.0
12619	10302	1.0
1206	10306	4.0
5213	10306	3.0
10081	10306	492.0
15067	10306	11.0
15067	10319	25.0
10081	10330	34.0
15067	10330	18.0
384	10339	1.0
384	10343	6.0
1206	10347	3.0
10081	10347	100.0
10879	10347	1.0
16537	10347	10.0
384	10352	1.0
10081	10354	1.0
5834	10368	4.0
10081	10368	2.0
17970	10368	1.0
14308	10369	23.0
1206	10392	3.0
4830	10392	1.0
15434	10392	1.0
16537	10392	60.0
15434	10393	1.0
10081	10402	10.0
15067	10402	15.0
10081	10403	2.0
16537	10403	1.0
14308	10404	3.0
10081	10405	416.0
17970	10405	17.0
10081	10406	47.0
14308	10406	159.0
15434	10406	1.0
16537	10406	22.0
384	10409	3.0
1206	10409	7.0
10081	10409	1.0
12619	10409	33.0
14308	10409	25.0
14829	10409	10.0
15434	10409	7.0
17970	10409	21.0
384	10410	1.0
1206	10412	2.0
5834	10412	20.0
14308	10412	15.0
15434	10412	4.0
10081	10414	1.0
10081	10417	1.0
384	10418	1.0
5834	10418	27.0
17970	10418	33.0
384	10421	2.0
1206	10421	4.0
14308	10421	1.0
14829	10421	1.0
15067	10436	17.0
15067	10439	58.0
15541	10439	11.0
1206	10443	35.0
6958	10443	1.0
11297	10443	4.0
14308	10443	1.0
10081	10447	2.0
1206	10448	3.0
10081	10448	132.0
10081	10451	16.0
14308	10451	1.0
17970	10451	45.0
1206	10452	1.0
6958	10452	1.0
10081	10452	64.0
14308	10452	14.0
14829	10452	9.0
16537	10452	49.0
15434	10454	1.0
384	10455	9.0
384	10456	61.0
16537	10457	2.0
10081	10464	17.0
15541	10466	1.0
10081	10470	1.0
14308	10470	46.0
384	10486	2.0
14308	10486	7.0
384	10487	1.0
384	10488	2.0
384	10513	9.0
384	10525	2.0
384	10537	5.0
5834	10548	26.0
10081	10550	1.0
5834	10554	1.0
10081	10556	1.0
14308	10556	7.0
1206	10568	2.0
1206	10569	8.0
4813	10569	2.0
10081	10569	203.0
1206	10576	1.0
10081	10578	40.0
1206	10580	1.0
4813	10582	19.0
10081	10582	1.0
1206	10583	1.0
11297	10587	18.0
4813	10588	3.0
10081	10593	3.0
15067	10593	5.0
384	10598	2.0
17970	10625	12.0
10081	10628	1.0
17970	10633	1.0
384	10636	22.0
384	10637	11.0
384	10638	1.0
1206	10648	2.0
4813	10648	1.0
1206	10649	7.0
4813	10649	3.0
11297	10649	5.0
1206	10650	2.0
4813	10650	1.0
10081	10653	1.0
1206	10654	60.0
1206	10657	16.0
14829	10660	1.0
10081	10669	43.0
15434	10671	17.0
10081	10672	22.0
17970	10673	9.0
14829	10679	1.0
1206	10680	1.0
6958	10681	10.0
10081	10681	25.0
11297	10681	1.0
15067	10681	7.0
10081	10683	1.0
15067	10683	2.0
15541	10683	10.0
10081	10684	93.0
10081	10685	38.0
10081	10686	20.0
384	10701	1.0
5834	10701	3.0
15434	10701	1.0
384	10705	125.0
384	10706	1.0
384	10709	1.0
14308	10709	32.0
17970	10709	4.0
5834	10712	1.0
14308	10712	9.0
15067	10713	94.0
15541	10713	6.0
5834	10718	1.0
10081	10718	1.0
14829	10718	14.0
15541	10727	120.0
1206	10733	13.0
15434	10733	10.0
384	10736	1.0
14308	10746	12.0
10081	10747	12.0
14308	10747	25.0
1206	10748	1.0
4813	10748	1.0
15067	10751	7.0
1206	10759	1.0
11297	10759	1.0
14829	10759	1.0
14308	10762	18.0
384	10768	92.0
14308	10768	1.0
14829	10774	1.0
5834	10782	1.0
5834	10785	140.0
5834	10789	2.0
10081	10789	2.0
10081	10798	35.0
14308	10798	1.0
10081	10806	18.0
15067	10806	5.0
15067	10810	37.0
15067	10813	17.0
15541	10813	1.0
